Zyklus, bester Fitnesswert Real, Binaer1P, Binaer2P
1220,20.819204999854335,0.0,0.0
1462,19.67124474456798,0.0,0.0
1461,19.675861762459427,0.0,0.0
1460,19.67800997224993,0.0,0.0
1217,20.851274724731176,0.0,0.0
1459,19.68576993464119,0.0,0.0
1216,20.85770435476103,0.0,0.0
1458,19.688043296856712,0.0,0.0
1215,20.85819337547383,0.0,0.0
1457,19.696507712329574,0.0,0.0
1214,20.85819337547383,0.0,0.0
1456,19.699560816031774,0.0,0.0
1213,20.872035529969477,0.0,0.0
1455,19.703451533486852,0.0,0.0
1212,20.87804692545763,0.0,0.0
1454,19.703451533486852,0.0,0.0
1211,20.87804692545763,0.0,0.0
1453,19.70711545387705,0.0,0.0
1210,20.885794203995587,0.0,0.0
1452,19.712775146839924,0.0,0.0
1219,20.828475786231635,0.0,0.0
1218,20.84123030027451,0.0,0.0
1231,20.759929392513392,0.0,0.0
1473,19.62625895375357,0.0,0.0
1230,20.774828912442054,0.0,0.0
1472,19.63552248029791,0.0,0.0
1471,19.635584383533658,0.0,0.0
1470,19.635584383533658,0.0,0.0
0,88.58349999999999,88.58349999999999,88.58349999999999
1228,20.778329411080097,0.0,0.0
1,50.45236874999972,88.58349999999999,88.58349999999999
1227,20.793923455984814,0.0,0.0
1469,19.635584383533658,0.0,0.0
2,44.71917187499904,81.78966215825453,88.58349999999999
1226,20.79577919838294,0.0,0.0
1468,19.64659948459167,0.0,0.0
3,35.70009765624998,81.78966215825453,88.58349999999999
1225,20.795952460340818,0.0,0.0
1467,19.64879876574776,0.0,0.0
4,34.35341308593749,77.80448749999762,88.58349999999999
1224,20.809307856177305,0.0,0.0
1466,19.652632944815515,0.0,0.0
5,32.501853271484386,74.57309508743062,88.58349999999999
1223,20.81373162724065,0.0,0.0
1465,19.658047822331703,0.0,0.0
6,32.31356895751953,67.22638749999999,88.58349999999999
1222,20.81777464313174,0.0,0.0
1464,19.666104211233172,0.0,0.0
7,32.31356895751953,64.65077500000001,88.58349999999999
1221,20.819204999854335,0.0,0.0
1463,19.668528403732324,0.0,0.0
8,32.0071063415525,57.96958853759768,88.58349999999999
800,23.68481611499946,0.11564024875508805,0.3657149445410486
9,31.756575945758815,57.96958853759768,83.89689375000043
801,23.674084681988766,0.11564024875508805,0.1977790738784706
802,23.674084681988766,0.11564024875508805,0.1977790738784706
803,23.659750003123083,0.11564024875508805,0.1977790738784706
804,23.657502503900584,0.08908507483987693,0.1977790738784706
805,23.642562690232072,0.0863841527904845,0.1977790738784706
806,23.636365213672747,0.0863841527904845,0.1977790738784706
807,23.618544885820178,0.055245915453164596,0.1977790738784706
1229,20.777963274219406,0.0,0.0
808,23.618544885820178,0.02626918550706403,0.1977790738784706
809,23.588762336247125,0.02626918550706403,0.1977790738784706
1000,22.188233239525413,0.0,0.0
1242,20.705289506144588,0.0,0.0
1484,19.577829456825523,0.0,0.0
1241,20.710204197128093,0.0,0.0
1483,19.584229002900017,0.0,0.0
1240,20.72317877429679,0.0,0.0
1482,19.587691453988366,0.0,0.0
1481,19.59253261196029,0.0,0.0
1480,19.593759303462136,0.0,0.0
1239,20.72538401587778,0.0,0.0
1238,20.72538401587778,0.0,0.0
1237,20.728611735860405,0.0,0.0
1479,19.603765170936327,0.0,0.0
1236,20.74301089265927,0.0,0.0
1478,19.608543295648555,0.0,0.0
1235,20.74663711976642,0.0,0.0
1477,19.608543295648555,0.0,0.0
1234,20.74982396077143,0.0,0.0
1476,19.60859831207827,0.0,0.0
1233,20.74982396077143,0.0,0.0
1475,19.618268594184933,0.0,0.0
810,23.588762336247125,0.02626918550706403,0.1977790738784706
1232,20.759929392513392,0.0,0.0
1474,19.62434013034504,0.0,0.0
811,23.588762336247125,0.02626918550706403,0.1977790738784706
812,23.588762336247125,0.02626918550706403,0.1977790738784706
813,23.576719894637918,0.02626918550706403,0.1977790738784706
814,23.576719894637918,0.02626918550706403,0.1977790738784706
815,23.57025031665826,0.02626918550706403,0.13226773454845853
816,23.562473372732825,0.02626918550706403,0.13226773454845853
817,23.55139257983164,0.02626918550706403,0.13226773454845853
818,23.532062411866775,0.02626918550706403,0.12067740255968973
819,23.524164011085947,0.02626918550706403,0.12067740255968973
1011,22.097235393380366,0.0,0.0
1253,20.647969909434977,0.0,0.0
1495,19.53874860074585,0.0,0.0
1010,22.10607173244599,0.0,0.0
1252,20.647969909434977,0.0,0.0
1494,19.539970200069778,0.0,0.0
1251,20.663050378434423,0.0,0.0
1493,19.55115033723894,0.0,0.0
1250,20.663050378434423,0.0,0.0
1492,19.55115033723894,0.0,0.0
1491,19.554290824456913,0.0,0.0
1490,19.5552957057744,0.0,0.0
1008,22.12649214959318,0.0,0.0
1007,22.136656695319235,0.0,0.0
1249,20.663050378434423,0.0,0.0
1006,22.147303277768238,0.0,0.0
1248,20.669280857893884,0.0,0.0
1005,22.147983549753874,0.0,0.0
1247,20.683439635686142,0.0,0.0
1489,19.563391820583547,0.0,0.0
1004,22.162119895994937,0.0,0.0
1246,20.683439635686142,0.0,0.0
1488,19.56499223873302,0.0,0.0
1003,22.162119895994937,0.0,0.0
1245,20.69009923775783,0.0,0.0
1487,19.570278538810438,0.0,0.0
820,23.524164011085947,0.02626918550706403,0.09690825895314747
1002,22.16945990841628,0.0,0.0
1244,20.705025794175306,0.0,0.0
1486,19.57548369839674,0.0,0.0
821,23.512128662912403,0.02626918550706403,0.09690825895314747
1001,22.180401851493443,0.0,0.0
1243,20.705289506144588,0.0,0.0
1485,19.577829456825523,0.0,0.0
822,23.49385335389984,0.018187862983370273,0.09690825895314747
823,23.49385335389984,0.018187862983370273,0.0627320107176903
824,23.487244812189463,0.018187862983370273,0.0627320107176903
825,23.48092060681066,0.018187862983370273,0.0627320107176903
826,23.476687459495547,0.018187862983370273,0.03484900920847789
827,23.46877947053627,0.018187862983370273,0.03484900920847789
828,23.46462329388482,0.018187862983370273,0.03484900920847789
829,23.458838742025304,0.018187862983370273,0.026324606875977152
1009,22.12649214959318,0.0,0.0
1022,22.02950576250551,0.0,0.0
1264,20.593452566907875,0.0,0.0
1021,22.041954025047602,0.0,0.0
1263,20.59984578872473,0.0,0.0
1020,22.041954025047602,0.0,0.0
1262,20.603156452113332,0.0,0.0
1261,20.607299593449138,0.0,0.0
1260,20.610134872654424,0.0,0.0
1019,22.050007669974473,0.0,0.0
1018,22.05760562877096,0.0,0.0
1017,22.067119695966454,0.0,0.0
1259,20.618924348965706,0.0,0.0
1016,22.0825790720656,0.0,0.0
1258,20.62203051499979,0.0,0.0
1015,22.08315630597293,0.0,0.0
1257,20.62203051499979,0.0,0.0
1499,19.527504225560968,0.0,0.0
830,23.418839462217026,0.018187862983370273,0.026324606875977152
1014,22.085509398141745,0.0,0.0
1256,20.626759900993527,0.0,0.0
1498,19.52810178169668,0.0,0.0
831,23.418839462217026,0.01810979958641512,0.026324606875977152
1013,22.097235393380366,0.0,0.0
1255,20.63942334846428,0.0,0.0
1497,19.52810178169668,0.0,0.0
832,23.418839462217026,0.01810979958641512,0.026324606875977152
1012,22.097235393380366,0.0,0.0
1254,20.63942334846428,0.0,0.0
1496,19.533475455932592,0.0,0.0
833,23.40828106077409,0.01810979958641512,0.026324606875977152
834,23.40828106077409,0.006761392238318842,0.026324606875977152
835,23.39002224397862,0.006761392238318842,0.026324606875977152
836,23.39002224397862,0.006761392238318842,0.011264586943485422
837,23.39002224397862,0.006761392238318842,0.011264586943485422
838,23.364244501864366,0.006716649531429808,0.011264586943485422
839,23.364244501864366,0.006716649531429808,0.011264586943485422
1033,21.95551235399959,0.0,0.0
1275,20.53353702475729,0.0,0.0
1032,21.95551235399959,0.0,0.0
1274,20.53495436012504,0.0,0.0
1031,21.95551235399959,0.0,0.0
1273,20.540400859380167,0.0,0.0
1030,21.973316964329065,0.0,0.0
1272,20.545144872676627,0.0,0.0
1271,20.545144872676627,0.0,0.0
1270,20.56332805837036,0.0,0.0
1029,21.978939194712805,0.0,0.0
1028,21.978939194712805,0.0,0.0
1027,21.997348635741833,0.0,0.0
1269,20.56332805837036,0.0,0.0
840,23.344807333791895,0.006716649531429808,0.011264586943485422
1026,22.01282489543003,0.0,0.0
1268,20.568309519634198,0.0,0.0
841,23.344807333791895,0.002799346654106638,0.011264586943485422
1025,22.01299719633743,0.0,0.0
1267,20.58260200975948,0.0,0.0
600,25.424635007090174,1.0451029143859791,1.233678560409179
842,23.344807333791895,0.002799346654106638,0.007162839368937579
1024,22.019518181718432,0.0,0.0
1266,20.58617800659814,0.0,0.0
601,25.41172464668402,1.0426858951783935,1.233678560409179
843,23.344807333791895,0.002799346654106638,0.007162839368937579
1023,22.029372725707994,0.0,0.0
1265,20.588505630195463,0.0,0.0
602,25.41172464668402,1.0426858951783935,1.233678560409179
844,23.326052774938116,0.002799346654106638,0.007162839368937579
603,25.41172464668402,1.0426858951783935,1.233678560409179
845,23.32087796437738,0.0025981732147163372,0.002884581449371204
604,25.382583306082356,1.0426858951783935,1.233678560409179
846,23.318846787012124,0.0019804055517128605,9.801685571367846E-4
605,25.382583306082356,0.9785988658911623,1.233678560409179
847,23.306156300326844,0.0010342310217131834,2.3751433322727333E-4
606,25.373446025130896,0.9785988658911623,1.233678560409179
848,23.30436713704932,2.681300559358446E-4,2.3751433322727333E-4
607,25.373446025130896,0.9785988658911623,1.233678560409179
849,23.282998209789017,2.681300559358446E-4,2.3751433322727333E-4
608,25.351445663677392,0.9785988658911623,1.233678560409179
609,25.33857801871182,0.9785988658911623,1.233678560409179
1044,21.88031928780317,0.0,0.0
1286,20.477243857457754,0.0,0.0
1043,21.883221445331078,0.0,0.0
1285,20.480097648167693,0.0,0.0
1042,21.883221445331078,0.0,0.0
1284,20.48986732341245,0.0,0.0
1041,21.883221445331078,0.0,0.0
1283,20.490117276190286,0.0,0.0
1040,21.90296955914741,0.0,0.0
1282,20.498549608222827,0.0,0.0
1281,20.500403031694397,0.0,0.0
1280,20.51073020355344,0.0,0.0
1039,21.911135123043284,0.0,0.0
850,23.282998209789017,0.0,2.3751433322727333E-4
1038,21.911135123043284,0.0,0.0
851,23.268474814392896,0.0,2.3751433322727333E-4
1037,21.911223557204387,0.0,0.0
1279,20.51488020505718,0.0,0.0
610,25.33857801871182,0.9785988658911623,1.233678560409179
852,23.268474814392896,0.0,2.3751433322727333E-4
1036,21.911223557204387,0.0,0.0
1278,20.516896582421356,0.0,0.0
611,25.327953913918947,0.9785988658911623,1.233678560409179
853,23.26122728806775,0.0,0.0
1035,21.94319595028736,0.0,0.0
1277,20.522538543775134,0.0,0.0
612,25.32305185383143,0.9785988658911623,1.2285065291272739
854,23.250753947064577,0.0,0.0
1034,21.953354284360216,0.0,0.0
1276,20.53353702475729,0.0,0.0
613,25.307715685794662,0.9785988658911623,1.2285065291272739
855,23.24504849347171,0.0,0.0
614,25.301650191460936,0.9785988658911623,1.2285065291272739
856,23.24504849347171,0.0,0.0
615,25.30068331220813,0.9785988658911623,1.2138085734571071
857,23.229509729448996,0.0,0.0
616,25.293260413078677,0.9785988658911623,1.2138085734571071
858,23.214051923851958,0.0,0.0
617,25.26755297008858,0.9785988658911623,1.2138085734571071
859,23.206481682278657,0.0,0.0
618,25.260347366720268,0.9785988658911623,1.2138085734571071
619,25.260347366720268,0.9785988658911623,1.2138085734571071
1055,21.81396757888444,0.0,0.0
1297,20.424796429365845,0.0,0.0
1054,21.822548806566903,0.0,0.0
1296,20.432534579142416,0.0,0.0
1053,21.823506161355652,0.0,0.0
1295,20.433824631188486,0.0,0.0
1052,21.838888630915918,0.0,0.0
1294,20.442908215144378,0.0,0.0
1051,21.8414562524164,0.0,0.0
1293,20.445830497712187,0.0,0.0
1050,21.842409552925794,0.0,0.0
1292,20.448428725970608,0.0,0.0
1291,20.450762550243347,0.0,0.0
1290,20.460969545002474,0.0,0.0
860,23.206481682278657,0.0,0.0
861,23.19763833989442,0.0,0.0
1049,21.842409552925794,0.0,0.0
620,25.253961309252805,0.9785988658911623,1.2138085734571071
862,23.19763833989442,0.0,0.0
1048,21.85982406244036,0.0,0.0
621,25.24187497276147,0.9785988658911623,1.2138085734571071
863,23.18570221147298,0.0,0.0
1047,21.86431563675733,0.0,0.0
1289,20.460969545002474,0.0,0.0
622,25.216277921146066,0.9785988658911623,1.191488543474762
864,23.18499303097929,0.0,0.0
1046,21.86431563675733,0.0,0.0
1288,20.471583571873044,0.0,0.0
623,25.216277921146066,0.9785988658911623,1.191488543474762
865,23.17298619148845,0.0,0.0
1045,21.873723492854882,0.0,0.0
1287,20.477243857457754,0.0,0.0
624,25.196178766267213,0.9785988658911623,1.191488543474762
866,23.166987262789092,0.0,0.0
625,25.18888410060357,0.9785988658911623,1.191488543474762
867,23.158614781445902,0.0,0.0
626,25.18888410060357,0.9785988658911623,1.191488543474762
868,23.1462198483862,0.0,0.0
627,25.184723211221247,0.9785988658911623,1.1889754268821255
869,23.137718497547137,0.0,0.0
628,25.156340400338628,0.9785988658911623,1.1889754268821255
629,25.156340400338628,0.9785988658911623,1.1889754268821255
1066,21.750279265591633,0.0,0.0
1065,21.750279265591633,0.0,0.0
1064,21.759652312133305,0.0,0.0
1063,21.759652312133305,0.0,0.0
1062,21.759652312133305,0.0,0.0
1061,21.774998364000847,0.0,0.0
1060,21.775810883716467,0.0,0.0
870,23.12988861164745,0.0,0.0
871,23.125481006010034,0.0,0.0
630,25.148472427457076,0.9785988658911623,1.1889754268821255
872,23.125481006010034,0.0,0.0
631,25.136892714047686,0.9785988658911623,1.1618175166219515
873,23.113093292008177,0.0,0.0
1059,21.775810883716467,0.0,0.0
632,25.136892714047686,0.9548885259558507,1.1618175166219515
874,23.10533365419434,0.0,0.0
1058,21.79391420247267,0.0,0.0
633,25.125199679075024,0.9548885259558507,1.1618175166219515
875,23.10389031265054,0.0,0.0
1057,21.80043730374805,0.0,0.0
1299,20.41684853721303,0.0,0.0
634,25.12210551546628,0.9548885259558507,1.1618175166219515
876,23.08487103071962,0.0,0.0
1056,21.80043730374805,0.0,0.0
1298,20.423523419305496,0.0,0.0
635,25.103666678245013,0.9548885259558507,1.1618175166219515
877,23.058126252092475,0.0,0.0
636,25.083686369586758,0.9548885259558507,1.1618175166219515
878,23.058126252092475,0.0,0.0
637,25.083686369586758,0.9548885259558507,1.1618175166219515
879,23.044000543800284,0.0,0.0
638,25.083457471559164,0.9548885259558507,1.1618175166219515
639,25.059410510315892,0.9548885259558507,1.1618175166219515
1077,21.672695921112293,0.0,0.0
1076,21.68031431337134,0.0,0.0
1075,21.69042414054279,0.0,0.0
1074,21.69042414054279,0.0,0.0
1073,21.69981180686083,0.0,0.0
1072,21.69981180686083,0.0,0.0
1071,21.716811243147358,0.0,0.0
1070,21.72029504440278,0.0,0.0
880,23.044000543800284,0.0,0.0
881,23.044000543800284,0.0,0.0
640,25.058989008292876,0.9548885259558507,1.1618175166219515
882,23.03658957517277,0.0,0.0
641,25.045935754984384,0.9548885259558507,1.1618175166219515
883,23.03658957517277,0.0,0.0
400,27.448225663374405,1.403520268132837,2.35637988732205
642,25.01572598119707,0.9548885259558507,1.1618175166219515
884,23.032967305978257,0.0,0.0
401,27.448225663374405,1.403520268132837,2.35637988732205
643,25.01572598119707,0.9548885259558507,1.1618175166219515
885,23.016999692666722,0.0,0.0
1069,21.733154330364503,0.0,0.0
402,27.436066641630283,1.403520268132837,2.35637988732205
644,25.01572598119707,0.9548885259558507,1.1618175166219515
886,23.011649683490774,0.0,0.0
1068,21.73627502400174,0.0,0.0
403,27.403278546380218,1.403520268132837,2.35637988732205
645,25.01572598119707,0.9548885259558507,1.1618175166219515
887,23.00682909834208,0.0,0.0
1067,21.748720286611178,0.0,0.0
404,27.38564036672844,1.403520268132837,2.35637988732205
646,25.01090223850035,0.9548885259558507,1.1618175166219515
888,22.989644190854143,0.0,0.0
405,27.38564036672844,1.3965962921123927,2.35637988732205
647,24.984833012012718,0.9548885259558507,1.1412992008273992
889,22.97982856198716,0.0,0.0
406,27.37695036275654,1.3965962921123927,2.2973566261678995
648,24.984833012012718,0.9548885259558507,1.0902969505324267
407,27.33862766243034,1.3965962921123927,2.2973566261678995
649,24.984833012012718,0.9548885259558507,1.0902969505324267
408,27.33862766243034,1.3965962921123927,2.2973566261678995
409,27.33862766243034,1.3965962921123927,2.2973566261678995
1080,21.66480636692739,0.0,0.0
1088,21.604875939065003,0.0,0.0
1087,21.60526702778164,0.0,0.0
1086,21.60526702778164,0.0,0.0
1085,21.628720697885935,0.0,0.0
1084,21.630487974901623,0.0,0.0
1083,21.64475636341439,0.0,0.0
1082,21.644992714823918,0.0,0.0
890,22.97982856198716,0.0,0.0
1081,21.644992714823918,0.0,0.0
891,22.96072876790633,0.0,0.0
650,24.972764359011727,0.9548885259558507,1.0902969505324267
892,22.95538291254109,0.0,0.0
651,24.955051064117878,0.9548885259558507,1.0902969505324267
893,22.95538291254109,0.0,0.0
410,27.334782734225136,1.3965962921123927,2.2973566261678995
652,24.94535747607381,0.9548885259558507,1.0902969505324267
894,22.933047791147327,0.0,0.0
411,27.32224478003172,1.3062073643741703,2.2973566261678995
653,24.94535747607381,0.9548885259558507,1.0902969505324267
895,22.933047791147327,0.0,0.0
412,27.30478464101566,1.3062073643741703,2.2973566261678995
654,24.94514155345419,0.9548885259558507,1.0902969505324267
896,22.926938194245366,0.0,0.0
413,27.29238086755755,1.286327202395148,2.2973566261678995
655,24.9307852598909,0.9548885259558507,1.0607211978073956
897,22.921603773760967,0.0,0.0
1079,21.66480636692739,0.0,0.0
414,27.287139471904023,1.286327202395148,2.2973566261678995
656,24.906536392659753,0.9548885259558507,1.0607211978073956
898,22.912515132906428,0.0,0.0
1078,21.672695921112293,0.0,0.0
415,27.263628697086432,1.286327202395148,2.2973566261678995
657,24.906394442620464,0.9548885259558507,1.0607211978073956
899,22.912515132906428,0.0,0.0
416,27.263628697086432,1.286327202395148,2.2973566261678995
658,24.90343561879291,0.9548885259558507,1.0607211978073956
417,27.263628697086432,1.286327202395148,2.2973566261678995
659,24.900908509110295,0.9548885259558507,1.0607211978073956
418,27.263628697086432,1.286327202395148,2.2973566261678995
419,27.25391033911667,1.286327202395148,2.2973566261678995
1091,21.587461140138828,0.0,0.0
1090,21.592491701164274,0.0,0.0
1099,21.54061750474972,0.0,0.0
1098,21.540690454911633,0.0,0.0
1097,21.56053649421998,0.0,0.0
1096,21.562783976594176,0.0,0.0
1095,21.562783976594176,0.0,0.0
1094,21.562783976594176,0.0,0.0
1093,21.562783976594176,0.0,0.0
1092,21.56798558689754,0.0,0.0
660,24.879396574360843,0.9548885259558507,1.0607211978073956
661,24.860603670728622,0.9548885259558507,1.0607211978073956
420,27.24340963902163,1.286327202395148,2.0718625564707325
662,24.860603670728622,0.9548885259558507,1.0607211978073956
421,27.208327214642352,1.2814180017095758,2.0718625564707325
663,24.860603670728622,0.9548885259558507,1.0607211978073956
422,27.208327214642352,1.2814180017095758,2.0718625564707325
664,24.846056507122725,0.9548885259558507,1.0607211978073956
423,27.208327214642352,1.2814180017095758,2.0718625564707325
665,24.846056507122725,0.9548885259558507,1.0607211978073956
424,27.182574891852944,1.2814180017095758,2.0718625564707325
666,24.82310219644127,0.9548885259558507,1.0607211978073956
425,27.182574891852944,1.2814180017095758,2.0718625564707325
667,24.82310219644127,0.9548885259558507,1.0607211978073956
1089,21.592491701164274,0.0,0.0
426,27.182574891852944,1.2814180017095758,2.0718625564707325
668,24.811677129078436,0.8797156692797777,1.0607211978073956
427,27.172107338938186,1.2814180017095758,2.0718625564707325
669,24.811677129078436,0.8797156692797777,1.0565591245464425
428,27.165420488748417,1.2814180017095758,2.0718625564707325
429,27.14289842819769,1.2814180017095758,2.0718625564707325
670,24.782094082294833,0.8797156692797777,1.0565591245464425
671,24.782094082294833,0.8797156692797777,1.0565591245464425
430,27.14289842819769,1.2577077437907993,2.0718625564707325
672,24.782094082294833,0.8797156692797777,1.0565591245464425
431,27.127808069908774,1.2577077437907993,2.0718625564707325
673,24.772540917292076,0.8797156692797777,1.0565591245464425
432,27.111295133094135,1.2577077437907993,2.0718625564707325
674,24.772540917292076,0.8797156692797777,1.0565591245464425
433,27.111295133094135,1.2577077437907993,2.0718625564707325
675,24.74144912808968,0.8797156692797777,1.0565591245464425
434,27.08240249785005,1.2577077437907993,2.0718625564707325
676,24.74144912808968,0.8797156692797777,1.0565591245464425
435,27.08240249785005,1.2577077437907993,2.0718625564707325
677,24.74144912808968,0.8797156692797777,1.0565591245464425
436,27.06637527433101,1.2577077437907993,1.941426056377301
678,24.729570652226233,0.8797156692797777,1.0542922761351954
437,27.064352677785365,1.2577077437907993,1.941426056377301
679,24.706740739886545,0.8797156692797777,1.0542922761351954
438,27.05304337302864,1.2577077437907993,1.941426056377301
439,27.045354717165242,1.2577077437907993,1.941426056377301
680,24.69685023701092,0.8797156692797777,1.0542922761351954
681,24.689471591337675,0.8797156692797777,1.0542922761351954
440,27.0299434328068,1.2577077437907993,1.941426056377301
682,24.689471591337675,0.8797156692797777,1.0542922761351954
441,27.01110869236293,1.2577077437907993,1.941426056377301
683,24.67662462675712,0.8797156692797777,1.0542922761351954
200,29.589983635155516,3.580925189972763,8.176853179981775
442,27.004464779145017,1.2577077437907993,1.941426056377301
684,24.66651669870426,0.8797156692797777,1.0542922761351954
201,29.589983635155516,3.580925189972763,8.176853179981775
443,26.996082112888704,1.2577077437907993,1.941426056377301
685,24.663792777606506,0.8797156692797777,1.0542922761351954
202,29.560001782300976,3.580925189972763,8.176853179981775
444,26.98078568026673,1.194455237979694,1.941426056377301
686,24.661876320861268,0.8797156692797777,1.0542922761351954
203,29.560001782300976,3.580925189972763,8.176853179981775
445,26.977521984543074,1.194455237979694,1.941426056377301
687,24.65924000187425,0.8797156692797777,1.0542922761351954
204,29.54988377599553,3.580925189972763,8.176853179981775
446,26.962987287484943,1.194455237979694,1.941426056377301
688,24.64781450214302,0.826332105315799,1.0542922761351954
205,29.54988377599553,3.580925189972763,8.176853179981775
447,26.958801328275644,1.194455237979694,1.941426056377301
689,24.630197813445196,0.826332105315799,1.0542922761351954
206,29.54988377599553,3.580925189972763,8.176853179981775
448,26.939928837044558,1.194455237979694,1.941426056377301
207,29.541045057507425,3.580925189972763,8.176853179981775
449,26.939928837044558,1.194455237979694,1.941426056377301
208,29.51219325819206,3.580925189972763,8.176853179981775
209,29.51219325819206,3.580925189972763,8.176853179981775
690,24.630197813445196,0.826332105315799,1.0542922761351954
691,24.60857242641532,0.826332105315799,1.0542922761351954
450,26.924747730649162,1.194455237979694,1.941426056377301
692,24.580593219451362,0.826332105315799,1.0542922761351954
451,26.924747730649162,1.194455237979694,1.941426056377301
693,24.580593219451362,0.826332105315799,1.0542922761351954
210,29.51219325819206,2.941012283689893,8.176853179981775
452,26.916018556639035,1.194455237979694,1.941426056377301
694,24.580593219451362,0.826332105315799,1.0542922761351954
211,29.48962944744622,2.941012283689893,8.176853179981775
453,26.898022248789655,1.194455237979694,1.941426056377301
695,24.580593219451362,0.826332105315799,1.0542922761351954
212,29.458549403217205,2.941012283689893,8.176853179981775
454,26.868396461217003,1.194455237979694,1.941426056377301
696,24.574685811803064,0.826332105315799,1.0542922761351954
213,29.458549403217205,2.941012283689893,8.176853179981775
455,26.868396461217003,1.194455237979694,1.941426056377301
697,24.55289949667598,0.826332105315799,1.0542922761351954
214,29.458549403217205,2.941012283689893,8.176853179981775
456,26.857084117755374,1.194455237979694,1.941426056377301
698,24.548622421859935,0.826332105315799,1.0542922761351954
215,29.455574181882707,2.941012283689893,8.176853179981775
457,26.857084117755374,1.194455237979694,1.941426056377301
699,24.548622421859935,0.826332105315799,1.0542922761351954
216,29.418066852188772,2.941012283689893,8.176853179981775
458,26.83808934012727,1.194455237979694,1.941426056377301
217,29.39957222171468,2.941012283689893,8.176853179981775
459,26.819300856244965,1.194455237979694,1.8362149225325473
218,29.395035929194957,2.941012283689893,8.176853179981775
219,29.395035929194957,2.941012283689893,8.176853179981775
460,26.807477440792287,1.194455237979694,1.8362149225325473
461,26.807477440792287,1.194455237979694,1.8362149225325473
220,29.391765608971426,2.941012283689893,8.176853179981775
462,26.807477440792287,1.194455237979694,1.8362149225325473
221,29.372210027986196,2.941012283689893,8.176853179981775
463,26.807477440792287,1.194455237979694,1.8362149225325473
222,29.37027479704233,2.941012283689893,7.408714168141247
464,26.790563443786997,1.194455237979694,1.8362149225325473
223,29.352114321441107,2.941012283689893,7.408714168141247
465,26.779987115797383,1.194455237979694,1.8362149225325473
224,29.292574496001016,2.941012283689893,7.408714168141247
466,26.760916947713895,1.194455237979694,1.8362149225325473
225,29.292574496001016,2.941012283689893,7.408714168141247
467,26.754716229892505,1.194455237979694,1.8362149225325473
226,29.292574496001016,2.941012283689893,7.408714168141247
468,26.745910552785134,1.194455237979694,1.8362149225325473
227,29.292574496001016,2.941012283689893,7.408714168141247
469,26.72928286050153,1.194455237979694,1.8362149225325473
228,29.292574496001016,2.941012283689893,7.054889483645273
229,29.288827313054316,2.941012283689893,7.054889483645273
470,26.72928286050153,1.1707385518622389,1.8362149225325473
471,26.72928286050153,1.1707385518622389,1.8362149225325473
230,29.258687760045643,2.6247957313537604,7.054889483645273
472,26.681662270505598,1.1707385518622389,1.8362149225325473
231,29.258687760045643,2.6247957313537604,7.054889483645273
473,26.681662270505598,1.1707385518622389,1.7198504793560758
232,29.25489981494317,2.6247957313537604,7.054889483645273
474,26.654450760076706,1.1707385518622389,1.7198504793560758
233,29.230137671008894,2.6247957313537604,7.054889483645273
475,26.654450760076706,1.1707385518622389,1.7198504793560758
234,29.219430226683368,2.6247957313537604,7.054889483645273
476,26.654450760076706,1.1707385518622389,1.7198504793560758
235,29.219430226683368,2.6247957313537604,6.558677913952421
477,26.63668273580615,1.1707385518622389,1.6961754044953434
236,29.219430226683368,2.6247957313537604,6.558677913952421
478,26.63668273580615,1.1707385518622389,1.6961754044953434
237,29.194855954616294,2.6247957313537604,6.558677913952421
479,26.600471212341017,1.1707385518622389,1.6961754044953434
238,29.194855954616294,2.6247957313537604,6.459958670320161
239,29.194855954616294,2.6247957313537604,6.459958670320161
480,26.57361251532102,1.1707385518622389,1.6961754044953434
481,26.57361251532102,1.1707385518622389,1.6961754044953434
240,29.167637541367256,2.6247957313537604,6.459958670320161
482,26.56561327404827,1.1707385518622389,1.6961754044953434
241,29.167637541367256,2.6247957313537604,6.459958670320161
483,26.56561327404827,1.1707385518622389,1.6961754044953434
242,29.167637541367256,2.6247957313537604,6.459958670320161
484,26.56561327404827,1.1707385518622389,1.6961754044953434
243,29.144899687198734,2.6247957313537604,6.459958670320161
485,26.565602979664224,1.1707385518622389,1.6961754044953434
244,29.137182256122625,2.6247957313537604,6.459958670320161
486,26.547463462594738,1.1707385518622389,1.69137581188127
245,29.117595389166784,2.6247957313537604,6.459958670320161
487,26.547463462594738,1.1707385518622389,1.69137581188127
246,29.117595389166784,2.6247957313537604,6.459958670320161
488,26.532861515193144,1.1707385518622389,1.69137581188127
247,29.104820884008568,2.6247957313537604,6.459958670320161
489,26.516623982439967,1.128384772994764,1.69137581188127
248,29.07497358987175,2.6247957313537604,6.459958670320161
249,29.07497358987175,2.6247957313537604,6.306509368887762
490,26.516623982439967,1.128384772994764,1.69137581188127
491,26.498117286247115,1.128384772994764,1.69137581188127
250,29.05734302332264,2.6247957313537604,6.306509368887762
492,26.498117286247115,1.128384772994764,1.69137581188127
251,29.0267863313093,2.6247957313537604,6.306509368887762
493,26.483829699667822,1.128384772994764,1.69137581188127
252,29.019967879680465,2.6247957313537604,6.306509368887762
494,26.472804655270107,1.128384772994764,1.69137581188127
253,29.019967879680465,2.6247957313537604,5.7643624906974384
495,26.472234745376408,1.128384772994764,1.69137581188127
254,29.019967879680465,2.6247957313537604,5.7643624906974384
496,26.461046735845393,1.128384772994764,1.69137581188127
255,29.005505492085636,2.6247957313537604,5.7643624906974384
497,26.445620562343443,1.128384772994764,1.69137581188127
256,28.996661437321073,2.6247957313537604,5.6394205688234615
498,26.436357384294116,1.128384772994764,1.69137581188127
257,28.96265854652658,2.589360932159764,5.6394205688234615
499,26.43192219873786,1.128384772994764,1.69137581188127
258,28.959839289705283,2.589360932159764,5.6394205688234615
259,28.959839289705283,2.589360932159764,5.275774792480473
260,28.959839289705283,2.589360932159764,5.275774792480473
261,28.944791136078894,2.589360932159764,5.275774792480473
262,28.936885471416776,2.589360932159764,5.275774792480473
263,28.902544337796872,2.589360932159764,4.799765604400644
264,28.902544337796872,2.589360932159764,4.799765604400644
265,28.875860869460055,2.589360932159764,4.799765604400644
266,28.875860869460055,2.589360932159764,4.799765604400644
267,28.87014874845977,2.589360932159764,4.799765604400644
268,28.87014874845977,2.589360932159764,4.799765604400644
269,28.87014874845977,2.589360932159764,4.799765604400644
270,28.833763555907186,2.5162390258789085,4.799765604400644
271,28.83203352409699,2.5162390258789085,4.799765604400644
272,28.817585358573705,2.4974419254961244,4.799765604400644
273,28.817585358573705,2.4974419254961244,4.799765604400644
274,28.80095255829778,2.4974419254961244,4.799765604400644
275,28.783749408132255,2.4974419254961244,4.799765604400644
276,28.761566299812294,2.4974419254961244,4.799765604400644
277,28.761566299812294,2.4974419254961244,4.799765604400644
278,28.748882466076108,2.4974419254961244,4.799765604400644
279,28.721415821613917,2.4974419254961244,4.799765604400644
280,28.721415821613917,2.4974419254961244,4.799765604400644
281,28.720650469067735,2.4974419254961244,4.799765604400644
282,28.71377485742994,2.4974419254961244,4.799765604400644
283,28.679478549018654,2.4974419254961244,4.799765604400644
284,28.679478549018654,2.4736360412570026,4.799765604400644
285,28.667272277284937,2.4736360412570026,4.799765604400644
286,28.667272277284937,2.4736360412570026,4.799765604400644
287,28.628032193117523,2.4736360412570026,4.799765604400644
288,28.628032193117523,2.4736360412570026,4.799765604400644
289,28.628032193117523,2.4736360412570026,4.799765604400644
290,28.614988903186855,2.379144606049729,4.799765604400644
291,28.597744784837474,2.379144606049729,4.799765604400644
292,28.597744784837474,2.3467308874711073,4.799765604400644
293,28.592657748920384,2.3467308874711073,4.660094561768878
294,28.592657748920384,2.234137640379835,4.660094561768878
295,28.566103351958922,2.234137640379835,4.660094561768878
296,28.54261388226668,2.234137640379835,4.660094561768878
297,28.54261388226668,2.234137640379835,4.660094561768878
298,28.53839328640776,2.234137640379835,4.660094561768878
299,28.523598951349715,2.234137640379835,3.928254328751639
1305,20.379054292922802,0.0,0.0
1304,20.388754617280313,0.0,0.0
1303,20.388754617280313,0.0,0.0
1302,20.39941333343758,0.0,0.0
1301,20.40347991443048,0.0,0.0
1300,20.40347991443048,0.0,0.0
1309,20.360730152427944,0.0,0.0
1308,20.368708609817833,0.0,0.0
1307,20.37888266651166,0.0,0.0
1306,20.379054292922802,0.0,0.0
1316,20.324628428492915,0.0,0.0
1315,20.324628428492915,0.0,0.0
1314,20.324628428492915,0.0,0.0
1313,20.343827956756826,0.0,0.0
1312,20.351280580176184,0.0,0.0
1311,20.354941823404662,0.0,0.0
1310,20.359307989088318,0.0,0.0
1319,20.31030972502474,0.0,0.0
1318,20.322811673134314,0.0,0.0
1317,20.324628428492915,0.0,0.0
1330,20.258027545892528,0.0,0.0
1327,20.274872461651974,0.0,0.0
1326,20.282207952363663,0.0,0.0
1325,20.282207952363663,0.0,0.0
1324,20.29249944751625,0.0,0.0
1323,20.297162262560505,0.0,0.0
1322,20.30184526868,0.0,0.0
1321,20.30184526868,0.0,0.0
1320,20.30219900953373,0.0,0.0
900,22.903390436544402,0.0,0.0
901,22.903390436544402,0.0,0.0
902,22.894331061949114,0.0,0.0
903,22.89208767268746,0.0,0.0
904,22.874878760910452,0.0,0.0
905,22.874878760910452,0.0,0.0
1329,20.258027545892528,0.0,0.0
906,22.874878760910452,0.0,0.0
1328,20.258027545892528,0.0,0.0
907,22.851708633283174,0.0,0.0
908,22.851708633283174,0.0,0.0
909,22.842606717856942,0.0,0.0
1341,20.209174666013,0.0,0.0
1340,20.218641394125086,0.0,0.0
1338,20.22520271229094,0.0,0.0
1337,20.22763343892064,0.0,0.0
1336,20.22763343892064,0.0,0.0
1335,20.22763343892064,0.0,0.0
1334,20.23949988009201,0.0,0.0
1333,20.24743050365289,0.0,0.0
1332,20.25289788833455,0.0,0.0
1331,20.25611596411064,0.0,0.0
910,22.83726129154438,0.0,0.0
911,22.830845063803206,0.0,0.0
912,22.818037737138127,0.0,0.0
913,22.815200657825905,0.0,0.0
914,22.808923314874253,0.0,0.0
915,22.793157684423136,0.0,0.0
916,22.793157684423136,0.0,0.0
917,22.78925065534368,0.0,0.0
1339,20.220055959588596,0.0,0.0
918,22.77274241152479,0.0,0.0
919,22.76786058719986,0.0,0.0
1110,21.48103673566215,0.0,0.0
1352,20.15013930089791,0.0,0.0
1351,20.16530222325234,0.0,0.0
1350,20.16559176287031,0.0,0.0
1107,21.489062560824873,0.0,0.0
1349,20.17244065241286,0.0,0.0
1106,21.491275553363305,0.0,0.0
1348,20.180846642037213,0.0,0.0
1105,21.491275553363305,0.0,0.0
1347,20.181886646438002,0.0,0.0
1104,21.509411201286923,0.0,0.0
1346,20.189223446289784,0.0,0.0
1103,21.50958300811118,0.0,0.0
1345,20.189223446289784,0.0,0.0
1102,21.516679211561705,0.0,0.0
1344,20.189223446289784,0.0,0.0
1101,21.519698553563273,0.0,0.0
1343,20.20394268910405,0.0,0.0
920,22.76103570851209,0.0,0.0
1100,21.531422283362712,0.0,0.0
1342,20.204823170727074,0.0,0.0
921,22.73028337817508,0.0,0.0
922,22.73028337817508,0.0,0.0
923,22.73028337817508,0.0,0.0
924,22.72083877093374,0.0,0.0
925,22.70562726785386,0.0,0.0
926,22.70562726785386,0.0,0.0
927,22.703308526183008,0.0,0.0
1109,21.48103673566215,0.0,0.0
928,22.695140052924344,0.0,0.0
1108,21.487285043587807,0.0,0.0
929,22.695140052924344,0.0,0.0
1121,21.40285400110454,0.0,0.0
1363,20.11051948874724,0.0,0.0
1120,21.40285400110454,0.0,0.0
1362,20.11246183387797,0.0,0.0
1361,20.113345058186123,0.0,0.0
1360,20.113470126370494,0.0,0.0
1118,21.4334060336409,0.0,0.0
1117,21.434408723360036,0.0,0.0
1359,20.120292575060514,0.0,0.0
1116,21.443368258687567,0.0,0.0
1358,20.13151718078389,0.0,0.0
1115,21.446703382538345,0.0,0.0
1357,20.13151718078389,0.0,0.0
1114,21.446703382538345,0.0,0.0
1356,20.13151718078389,0.0,0.0
1113,21.449413456056497,0.0,0.0
1355,20.14228483263861,0.0,0.0
930,22.67980446651955,0.0,0.0
1112,21.455046930485945,0.0,0.0
1354,20.14228483263861,0.0,0.0
931,22.67980446651955,0.0,0.0
1111,21.455046930485945,0.0,0.0
1353,20.15013930089791,0.0,0.0
932,22.669256115269096,0.0,0.0
933,22.66118709786864,0.0,0.0
934,22.649203650437173,0.0,0.0
935,22.649203650437173,0.0,0.0
936,22.638136170924668,0.0,0.0
937,22.619688307913414,0.0,0.0
938,22.619688307913414,0.0,0.0
939,22.617085187317723,0.0,0.0
1119,21.41407236571592,0.0,0.0
1132,21.34382423132059,0.0,0.0
1374,20.056689541279134,0.0,0.0
1131,21.34399824545811,0.0,0.0
1373,20.056689541279134,0.0,0.0
1130,21.35198780219324,0.0,0.0
1372,20.061410752295483,0.0,0.0
1371,20.0651099203351,0.0,0.0
1370,20.078923448378788,0.0,0.0
1129,21.35198780219324,0.0,0.0
1128,21.36318921452894,0.0,0.0
1127,21.36318921452894,0.0,0.0
1369,20.08070056298541,0.0,0.0
1126,21.36318921452894,0.0,0.0
1368,20.08532489724441,0.0,0.0
1125,21.38441017943208,0.0,0.0
1367,20.088345200854043,0.0,0.0
940,22.60535920390257,0.0,0.0
1124,21.38441017943208,0.0,0.0
1366,20.090354533674304,0.0,0.0
941,22.60535920390257,0.0,0.0
1123,21.387138171060837,0.0,0.0
1365,20.100378733850114,0.0,0.0
700,24.529089221878312,0.7835072226708646,1.0542922761351954
942,22.60430371743618,0.0,0.0
1122,21.39807265091425,0.0,0.0
1364,20.100378733850114,0.0,0.0
701,24.525389376247585,0.7835072226708646,1.0542922761351954
943,22.59445911516824,0.0,0.0
702,24.511184487452258,0.7835072226708646,1.0542922761351954
944,22.584174765430507,0.0,0.0
703,24.50363087634031,0.7835072226708646,1.0542922761351954
945,22.577860150733123,0.0,0.0
704,24.495769077740327,0.7835072226708646,1.0542922761351954
946,22.572979835705624,0.0,0.0
705,24.495769077740327,0.7835072226708646,1.0542922761351954
947,22.55424109659781,0.0,0.0
706,24.47456881394335,0.7835072226708646,1.0542922761351954
948,22.55424109659781,0.0,0.0
707,24.473876456653063,0.7835072226708646,1.0542922761351954
949,22.533173035220308,0.0,0.0
708,24.473876456653063,0.7835072226708646,1.0542922761351954
709,24.450589689430494,0.7835072226708646,1.0542922761351954
1143,21.27499515682333,0.0,0.0
1385,20.009022047738945,0.0,0.0
1142,21.278289200023977,0.0,0.0
1384,20.01011029402204,0.0,0.0
1141,21.288852235767184,0.0,0.0
1383,20.017879190225575,0.0,0.0
1140,21.293843224195623,0.0,0.0
1382,20.02059511325277,0.0,0.0
1381,20.028039549932497,0.0,0.0
1380,20.033384007189753,0.0,0.0
1139,21.293843224195623,0.0,0.0
1138,21.303177407786492,0.0,0.0
1137,21.307702515880184,0.0,0.0
1379,20.033384007189753,0.0,0.0
950,22.508716216044807,0.0,0.0
1136,21.307702515880184,0.0,0.0
1378,20.03911090291454,0.0,0.0
951,22.508716216044807,0.0,0.0
1135,21.32731502416251,0.0,0.0
1377,20.041121088625896,0.0,0.0
710,24.441652965044955,0.7835072226708646,1.0542922761351954
952,22.508716216044807,0.0,0.0
1134,21.33160943016787,0.0,0.0
1376,20.048830122209207,0.0,0.0
711,24.439443352302394,0.7835072226708646,1.0542922761351954
953,22.508716216044807,0.0,0.0
1133,21.333718535798884,0.0,0.0
1375,20.053720099630716,0.0,0.0
712,24.438275771345566,0.7835072226708646,1.0542922761351954
954,22.508716216044807,0.0,0.0
713,24.409472914253552,0.7835072226708646,1.0542922761351954
955,22.508716216044807,0.0,0.0
714,24.409472914253552,0.7835072226708646,1.0542922761351954
956,22.499296587830333,0.0,0.0
715,24.400455133671613,0.7835072226708646,1.0542922761351954
957,22.48565322179174,0.0,0.0
716,24.39782053777403,0.7835072226708646,1.0542922761351954
958,22.485265952831483,0.0,0.0
717,24.388268452313465,0.7835072226708646,1.0542922761351954
959,22.476851937538026,0.0,0.0
718,24.363992284721302,0.7835072226708646,1.0542922761351954
719,24.363992284721302,0.7835072226708646,1.0542922761351954
1154,21.21133214322874,0.0,0.0
1396,19.95089630249574,0.0,0.0
1153,21.213197060315547,0.0,0.0
1395,19.955182955177023,0.0,0.0
1152,21.213197060315547,0.0,0.0
1394,19.962184285389252,0.0,0.0
1151,21.2208872037655,0.0,0.0
1393,19.970728403594734,0.0,0.0
1150,21.2257314812442,0.0,0.0
1392,19.972181954887112,0.0,0.0
1391,19.972181954887112,0.0,0.0
1390,19.97700429565539,0.0,0.0
1149,21.2257314812442,0.0,0.0
960,22.45701286593553,0.0,0.0
1148,21.2257314812442,0.0,0.0
961,22.45701286593553,0.0,0.0
1147,21.241317977405053,0.0,0.0
1389,19.984247400352274,0.0,0.0
720,24.344289473104006,0.7835072226708646,1.0542922761351954
962,22.45701286593553,0.0,0.0
1146,21.241317977405053,0.0,0.0
1388,19.984247400352274,0.0,0.0
721,24.334879211994235,0.7835072226708646,1.0325024237941094
963,22.44204552794687,0.0,0.0
1145,21.257442623615386,0.0,0.0
1387,19.996333476099878,0.0,0.0
722,24.332534475605325,0.7399084316743738,1.0325024237941094
964,22.433883385839,0.0,0.0
1144,21.265221629845946,0.0,0.0
1386,19.99799778655638,0.0,0.0
723,24.32755324782319,0.7399084316743738,1.0325024237941094
965,22.42815409437182,0.0,0.0
724,24.309472762717057,0.7399084316743738,1.0253817266630953
966,22.42370193941099,0.0,0.0
725,24.30256971705026,0.7399084316743738,1.0253817266630953
967,22.42370193941099,0.0,0.0
726,24.30256971705026,0.7399084316743738,0.993228947516487
968,22.414461956253934,0.0,0.0
727,24.295938696783043,0.7399084316743738,0.993228947516487
969,22.39132581847217,0.0,0.0
728,24.264210636573413,0.7399084316743738,0.993228947516487
729,24.261337238634457,0.7399084316743738,0.993228947516487
1165,21.15335102504315,0.0,0.0
1164,21.153487942276467,0.0,0.0
1163,21.161314919268456,0.0,0.0
1162,21.161314919268456,0.0,0.0
1161,21.161314919268456,0.0,0.0
1160,21.179699883838424,0.0,0.0
970,22.39132581847217,0.0,0.0
971,22.38222772079133,0.0,0.0
1159,21.179699883838424,0.0,0.0
730,24.261337238634457,0.7002483426732034,0.993228947516487
972,22.38222772079133,0.0,0.0
1158,21.18303306968034,0.0,0.0
731,24.257928349814925,0.7002483426732034,0.993228947516487
973,22.377335025810805,0.0,0.0
1157,21.193572856406988,0.0,0.0
1399,19.938642926133745,0.0,0.0
732,24.245424334905177,0.7002483426732034,0.993228947516487
974,22.359252616041886,0.0,0.0
1156,21.203230279610455,0.0,0.0
1398,19.945651169698515,0.0,0.0
733,24.237321148407794,0.7002483426732034,0.993228947516487
975,22.351087519761393,0.0,0.0
1155,21.203230279610455,0.0,0.0
1397,19.95089630249574,0.0,0.0
734,24.237321148407794,0.7002483426732034,0.993228947516487
976,22.338363027396426,0.0,0.0
735,24.219692459272586,0.7002483426732034,0.993228947516487
977,22.338363027396426,0.0,0.0
736,24.21876495315929,0.7002483426732034,0.993228947516487
978,22.329117138163262,0.0,0.0
737,24.197540850975933,0.7002483426732034,0.993228947516487
979,22.30185802120141,0.0,0.0
738,24.197540850975933,0.7002483426732034,0.993228947516487
739,24.197540850975933,0.7002483426732034,0.9581405094836076
1176,21.083010117416553,0.0,0.0
1175,21.08923796989232,0.0,0.0
1174,21.096767551732253,0.0,0.0
1173,21.096767551732253,0.0,0.0
1172,21.102735419055072,0.0,0.0
1171,21.102735419055072,0.0,0.0
1170,21.119488997219456,0.0,0.0
980,22.30185802120141,0.0,0.0
981,22.30185802120141,0.0,0.0
740,24.182248069539384,0.7002483426732034,0.9581405094836076
982,22.30185802120141,0.0,0.0
741,24.177704070822543,0.7002483426732034,0.9581405094836076
983,22.298342013486874,0.0,0.0
1169,21.12302047511017,0.0,0.0
500,26.400952768899764,1.128384772994764,1.69137581188127
742,24.16485925455717,0.7002483426732034,0.9581405094836076
984,22.298342013486874,0.0,0.0
1168,21.124622764683554,0.0,0.0
501,26.400952768899764,1.128384772994764,1.5214870322916332
743,24.16278028378944,0.6717857303898945,0.9581405094836076
985,22.279547141616728,0.0,0.0
1167,21.137551369103168,0.0,0.0
502,26.395516331131926,1.128384772994764,1.5214870322916332
744,24.15803598731872,0.6717857303898945,0.9581405094836076
986,22.277797617938973,0.0,0.0
1166,21.137551369103168,0.0,0.0
503,26.385454710330794,1.128384772994764,1.5214870322916332
745,24.123743486874545,0.6717857303898945,0.9581405094836076
987,22.268773016285554,0.0,0.0
504,26.37309263968157,1.128384772994764,1.5214870322916332
746,24.123743486874545,0.6717857303898945,0.9581405094836076
988,22.264529922938603,0.0,0.0
505,26.359519209278265,1.128384772994764,1.5214870322916332
747,24.108866916622954,0.6717857303898945,0.9551027412713785
989,22.25815272495185,0.0,0.0
506,26.346941043126158,1.128384772994764,1.5214870322916332
748,24.108866916622954,0.6717857303898945,0.9551027412713785
507,26.319757796839205,1.128384772994764,1.5214870322916332
749,24.108866916622954,0.5293848105219272,0.9551027412713785
508,26.298019814830763,1.128384772994764,1.5214870322916332
509,26.298019814830763,1.128384772994764,1.5214870322916332
1187,21.01941965479191,0.0,0.0
1186,21.026433310336817,0.0,0.0
1185,21.026433310336817,0.0,0.0
1184,21.0364166307283,0.0,0.0
1183,21.036742559443756,0.0,0.0
1182,21.04486189916899,0.0,0.0
1181,21.05771487389077,0.0,0.0
1180,21.058069954670234,0.0,0.0
990,22.247725661305946,0.0,0.0
991,22.247725661305946,0.0,0.0
750,24.103371174931546,0.5293848105219272,0.9229719026765122
992,22.238648101631583,0.0,0.0
751,24.103371174931546,0.5293848105219272,0.9229719026765122
993,22.233770991238387,0.0,0.0
510,26.298019814830763,1.128384772994764,1.5214870322916332
752,24.075735092894814,0.42563537737761914,0.9229719026765122
994,22.233643879093858,0.0,0.0
511,26.298019814830763,1.128384772994764,1.5214870322916332
753,24.06429529730967,0.42563537737761914,0.9229719026765122
995,22.21577678647958,0.0,0.0
1179,21.063305887811254,0.0,0.0
512,26.290599891655326,1.128384772994764,1.47620914067269
754,24.060156917246065,0.42563537737761914,0.9229719026765122
996,22.20115641022381,0.0,0.0
1178,21.071266609763246,0.0,0.0
513,26.278542847337253,1.128384772994764,1.47620914067269
755,24.060156917246065,0.42563537737761914,0.8237501750006273
997,22.19860416883456,0.0,0.0
1177,21.074278633633263,0.0,0.0
514,26.278542847337253,1.128384772994764,1.4494552402868062
756,24.045555166246082,0.4232664018987925,0.8237501750006273
998,22.19138212735816,0.0,0.0
515,26.264678287661557,1.128384772994764,1.4494552402868062
757,24.040242633021368,0.4232664018987925,0.4444097508009375
999,22.188233239525413,0.0,0.0
516,26.257153955100563,1.1256286865660512,1.2561715089655237
758,24.040242633021368,0.4232664018987925,0.4444097508009375
517,26.230500509241374,1.1256286865660512,1.2561715089655237
759,24.021080128141637,0.4232664018987925,0.4444097508009375
518,26.22396626525153,1.1256286865660512,1.2561715089655237
519,26.22396626525153,1.1256286865660512,1.2561715089655237
1190,20.99757868529767,0.0,0.0
1198,20.949408800041237,0.0,0.0
1197,20.958990961290635,0.0,0.0
1196,20.963754534731887,0.0,0.0
1195,20.972610821942304,0.0,0.0
1194,20.978535024275775,0.0,0.0
1193,20.989277261644517,0.0,0.0
1192,20.990519446446083,0.0,0.0
1191,20.99757868529767,0.0,0.0
760,24.021080128141637,0.4232664018987925,0.4444097508009375
761,24.008547732771394,0.3543134954697701,0.4444097508009375
520,26.217927901347714,1.1256286865660512,1.2561715089655237
762,24.0027504012528,0.3543134954697701,0.4444097508009375
521,26.194328061482576,1.1256286865660512,1.2561715089655237
763,24.0027504012528,0.3543134954697701,0.4444097508009375
522,26.194328061482576,1.1256286865660512,1.2561715089655237
764,23.991004645933746,0.3543134954697701,0.4444097508009375
523,26.167452132549695,1.1256286865660512,1.2561715089655237
765,23.989728397057924,0.3543134954697701,0.4444097508009375
1189,21.002668650911023,0.0,0.0
524,26.167452132549695,1.0989471323308957,1.2561715089655237
766,23.970883922705617,0.3543134954697701,0.4444097508009375
1188,21.01490164807338,0.0,0.0
525,26.137520771991813,1.0989471323308957,1.2561715089655237
767,23.947847228156743,0.3543134954697701,0.4444097508009375
526,26.137520771991813,1.0989471323308957,1.2561715089655237
768,23.947847228156743,0.27529807775905146,0.4444097508009375
527,26.137520771991813,1.0989471323308957,1.2561715089655237
769,23.942432655888627,0.27529807775905146,0.4444097508009375
528,26.109228263997903,1.0989471323308957,1.2561715089655237
529,26.109228263997903,1.0989471323308957,1.2561715089655237
770,23.936254316481666,0.27529807775905146,0.4444097508009375
771,23.914023415679527,0.27529807775905146,0.4444097508009375
530,26.10042769875372,1.0989471323308957,1.2561715089655237
772,23.914023415679527,0.27529807775905146,0.4444097508009375
531,26.10042769875372,1.0989471323308957,1.2561715089655237
773,23.91130055366007,0.27529807775905146,0.4444097508009375
532,26.089385503833356,1.0989471323308957,1.2561715089655237
774,23.903410856403845,0.27529807775905146,0.4444097508009375
533,26.061868817086697,1.0989471323308957,1.2561715089655237
775,23.903410856403845,0.27529807775905146,0.4444097508009375
534,26.061868817086697,1.0989471323308957,1.2561715089655237
776,23.886219229334817,0.27529807775905146,0.4444097508009375
535,26.057655178866835,1.0989471323308957,1.2561715089655237
777,23.879660671583437,0.27529807775905146,0.4444097508009375
1199,20.94268271756202,0.0,0.0
536,26.050843302563695,1.0989471323308957,1.2561715089655237
778,23.875406408826397,0.27529807775905146,0.4444097508009375
537,26.050843302563695,1.0986576352548567,1.2561715089655237
779,23.86750284412049,0.27529807775905146,0.4444097508009375
538,26.03765431390563,1.0986576352548567,1.2561715089655237
539,25.994947325779,1.0968074279811217,1.2561715089655237
780,23.858845577717958,0.27529807775905146,0.4444097508009375
781,23.84468837711709,0.27529807775905146,0.4444097508009375
540,25.994947325779,1.0968074279811217,1.2561715089655237
782,23.843363054252794,0.22447066324638354,0.4444097508009375
541,25.990218035132127,1.0968074279811217,1.2561715089655237
783,23.829806371110383,0.22447066324638354,0.4444097508009375
300,28.51783787663306,2.234137640379835,3.928254328751639
542,25.98354844051726,1.0968074279811217,1.2561715089655237
784,23.808607339800968,0.22447066324638354,0.4444097508009375
301,28.494277338664443,2.234137640379835,3.928254328751639
543,25.975386433330154,1.0968074279811217,1.2561715089655237
785,23.808607339800968,0.22447066324638354,0.4444097508009375
302,28.494277338664443,2.055217609405511,3.928254328751639
544,25.975386433330154,1.0968074279811217,1.2561715089655237
786,23.808607339800968,0.22447066324638354,0.4444097508009375
303,28.469584967672137,2.055217609405511,3.928254328751639
545,25.955873171489024,1.0968074279811217,1.2561715089655237
787,23.78342952476717,0.22447066324638354,0.4444097508009375
304,28.437047986337827,2.055217609405511,3.928254328751639
546,25.926792490581164,1.0968074279811217,1.2561715089655237
788,23.78342952476717,0.198130804789872,0.4444097508009375
305,28.437047986337827,1.969090872192383,3.928254328751639
547,25.926792490581164,1.0968074279811217,1.2561715089655237
789,23.782506755078266,0.198130804789872,0.4444097508009375
306,28.437047986337827,1.969090872192383,3.928254328751639
548,25.926792490581164,1.0816798616226937,1.2561715089655237
307,28.428126106928147,1.969090872192383,3.928254328751639
549,25.91594841751463,1.0816798616226937,1.2561715089655237
308,28.420572174201173,1.969090872192383,3.928254328751639
309,28.414867650713337,1.944328118896429,3.928254328751639
790,23.773036978320345,0.198130804789872,0.4444097508009375
791,23.76555601450768,0.198130804789872,0.38976497625189654
550,25.908105581417423,1.0816798616226937,1.2561715089655237
792,23.750958092153358,0.198130804789872,0.38976497625189654
551,25.908105581417423,1.0811715738470193,1.2561715089655237
793,23.749255100697535,0.198130804789872,0.38976497625189654
310,28.39815892960197,1.944328118896429,3.928254328751639
552,25.90639665101467,1.078462882673546,1.2561715089655237
794,23.741768680284746,0.198130804789872,0.37060876194645864
311,28.38654030856785,1.944328118896429,3.928254328751639
553,25.891791378551062,1.078462882673546,1.2561715089655237
795,23.74089662393311,0.19376822914504976,0.37060876194645864
312,28.37914627706171,1.944328118896429,3.928254328751639
554,25.865948371861375,1.078462882673546,1.2561715089655237
796,23.72138002080591,0.18789723480045073,0.37060876194645864
313,28.364546947720175,1.944328118896429,3.928254328751639
555,25.865948371861375,1.078462882673546,1.2561715089655237
797,23.72138002080591,0.12084458228705142,0.37060876194645864
314,28.364546947720175,1.944328118896429,3.928254328751639
556,25.86204912381063,1.078462882673546,1.2561715089655237
798,23.68481611499946,0.12084458228705142,0.3657149445410486
315,28.345921288413514,1.944328118896429,3.928254328751639
557,25.854909197258714,1.071587326897176,1.2561715089655237
799,23.68481611499946,0.12084458228705142,0.3657149445410486
316,28.332829732669417,1.944328118896429,3.928254328751639
558,25.839760099691055,1.071587326897176,1.2561715089655237
317,28.322384294402557,1.8929951599229375,3.928254328751639
559,25.833738388578496,1.071587326897176,1.2561715089655237
318,28.304994909405092,1.8929951599229375,3.928254328751639
319,28.291255383278834,1.8929951599229375,3.856619651005062
560,25.8131731236835,1.071587326897176,1.2561715089655237
561,25.812795751338243,1.071587326897176,1.2561715089655237
320,28.28307182267977,1.8929951599229375,3.856619651005062
562,25.797615779919397,1.071587326897176,1.2561715089655237
321,28.259698082582506,1.8929951599229375,3.856619651005062
563,25.797615779919397,1.071587326897176,1.2561715089655237
322,28.259698082582506,1.8929951599229375,3.856619651005062
564,25.773410069900876,1.071587326897176,1.2561715089655237
323,28.259698082582506,1.8929951599229375,3.856619651005062
565,25.76788239263982,1.071587326897176,1.2561715089655237
324,28.229047997890774,1.8929951599229375,3.856619651005062
566,25.752919702604416,1.071587326897176,1.2561715089655237
325,28.229047997890774,1.8929951599229375,3.856619651005062
567,25.74804378992428,1.071587326897176,1.2561715089655237
326,28.22453983062153,1.8929951599229375,3.856619651005062
568,25.72213416471521,1.071587326897176,1.2561715089655237
327,28.22453983062153,1.8929951599229375,3.856619651005062
569,25.72213416471521,1.071587326897176,1.2561715089655237
328,28.191733981714606,1.8597713899818746,3.856619651005062
329,28.181872466373175,1.8597713899818746,3.835093522109118
570,25.718043577456864,1.071587326897176,1.2561715089655237
571,25.716683740510355,1.071587326897176,1.2561715089655237
330,28.181872466373175,1.8597713899818746,3.835093522109118
572,25.69158550214687,1.071587326897176,1.2561715089655237
331,28.162702107417722,1.8597713899818746,3.835093522109118
573,25.69158550214687,1.071587326897176,1.2561715089655237
332,28.134487837967253,1.8597713899818746,3.835093522109118
574,25.67825496983045,1.071587326897176,1.2561715089655237
333,28.134487837967253,1.8597713899818746,3.6143751423002715
575,25.665118310332513,1.071587326897176,1.2561715089655237
334,28.13300589998178,1.8597713899818746,3.6143751423002715
576,25.646310045818506,1.071587326897176,1.2561715089655237
335,28.13300589998178,1.8558867802877874,3.6143751423002715
577,25.646310045818506,1.045562929973155,1.2561715089655237
336,28.122840474442096,1.8558867802877874,3.6143751423002715
578,25.630402291183913,1.045562929973155,1.2561715089655237
337,28.122840474442096,1.8558867802877874,3.6143751423002715
579,25.630402291183913,1.045562929973155,1.2561715089655237
338,28.09008425602191,1.8558867802877874,3.6143751423002715
339,28.09008425602191,1.8558867802877874,3.6143751423002715
580,25.630402291183913,1.045562929973155,1.2561715089655237
581,25.6155768644026,1.045562929973155,1.2561715089655237
340,28.068392187849227,1.831888419428191,3.582502779015345
582,25.586976964940757,1.045562929973155,1.233678560409179
341,28.068392187849227,1.831888419428191,3.582502779015345
583,25.586976964940757,1.045562929973155,1.233678560409179
100,30.746792958162768,8.376009899902368,15.571732675933832
342,28.062287828795725,1.831888419428191,3.582502779015345
584,25.572793644591272,1.045562929973155,1.233678560409179
101,30.712382772342828,8.376009899902368,15.571732675933832
343,28.052943837896205,1.8136123107917201,3.582502779015345
585,25.572793644591272,1.045562929973155,1.233678560409179
102,30.712382772342828,8.376009899902368,15.571732675933832
344,28.034867499811366,1.8136123107917201,3.2630360456135943
586,25.572793644591272,1.045562929973155,1.233678560409179
103,30.712382772342828,7.8236133576512765,15.571732675933832
345,28.01677583931358,1.8136123107917201,3.2630360456135943
587,25.561843067020817,1.045562929973155,1.233678560409179
104,30.67881682538122,7.8236133576512765,15.571732675933832
346,28.011805347324426,1.8136123107917201,3.2630360456135943
588,25.541747768320608,1.045562929973155,1.233678560409179
105,30.67881682538122,7.8236133576512765,15.571732675933832
347,28.011805347324426,1.7847875391204349,3.2630360456135943
589,25.541747768320608,1.045562929973155,1.233678560409179
106,30.663074739766333,7.723217249298097,15.571732675933832
348,27.991697068883962,1.7847875391204349,3.2630360456135943
107,30.663074739766333,7.226933453369141,15.571732675933832
349,27.98476628635762,1.7739633087128814,3.2630360456135943
108,30.663074739766333,7.226933453369141,15.571732675933832
109,30.616949390006074,7.226933453369141,15.571732675933832
590,25.531276005617347,1.045562929973155,1.233678560409179
591,25.52780267215538,1.045562929973155,1.233678560409179
350,27.978717655641898,1.7739633087128814,3.2630360456135943
592,25.502720595969862,1.045562929973155,1.233678560409179
351,27.965170238425344,1.66563168641477,3.2630360456135943
593,25.501780463066495,1.045562929973155,1.233678560409179
110,30.600721476053916,7.226933453369141,15.571732675933832
352,27.95339786822418,1.66563168641477,3.2630360456135943
594,25.501780463066495,1.045562929973155,1.233678560409179
111,30.556177221067333,7.226933453369141,15.571732675933832
353,27.9321057689504,1.66563168641477,3.2630360456135943
595,25.48813167471988,1.045562929973155,1.233678560409179
112,30.556177221067333,7.226933453369141,15.571732675933832
354,27.921673315876653,1.66563168641477,3.2630360456135943
596,25.450013923453643,1.0451029143859791,1.233678560409179
113,30.556177221067333,7.226933453369141,15.571732675933832
355,27.921673315876653,1.6430876739498244,3.2630360456135943
597,25.4487044121789,1.0451029143859791,1.233678560409179
114,30.556177221067333,6.914614318847656,15.571732675933832
356,27.91746164824069,1.6430876739498244,3.2630360456135943
598,25.442282260834027,1.0451029143859791,1.233678560409179
115,30.556177221067333,6.6383363800048825,15.571732675933832
357,27.9144223291332,1.6430876739498244,3.2630360456135943
599,25.442282260834027,1.0451029143859791,1.233678560409179
116,30.556177221067333,6.6383363800048825,15.571732675933832
358,27.880398092663597,1.6430876739498244,3.2630360456135943
117,30.556177221067333,6.6383363800048825,15.571732675933832
359,27.880398092663597,1.6430876739498244,3.2556994719449284
118,30.556177221067333,6.6383363800048825,15.571732675933832
119,30.528689656948718,6.424365393071287,15.571732675933832
10,31.756575945758815,57.96958853759768,83.89689375000043
11,31.756575945758815,55.80493246536254,78.28543750000004
12,31.756575945758815,53.366094534301766,78.28543750000004
13,31.69931120746839,53.366094534301766,78.28543750000004
14,31.694326828912626,53.00443125,78.28543750000004
15,31.68437257390209,52.74034062500001,78.28543750000004
16,31.644710111824892,44.060309448242194,64.71777855224558
17,31.633112423245237,43.748178124999995,64.71777855224558
18,31.629113454657997,43.748178124999995,64.71777855224558
19,31.629113454657997,43.6268541015625,64.71777855224558
360,27.86113116110734,1.6430876739498244,3.0110474405068297
361,27.86113116110734,1.6430876739498244,2.592320309438159
120,30.519105893966838,6.424365393071287,15.571732675933832
362,27.852074552563412,1.6430876739498244,2.592320309438159
121,30.50994920606663,6.424365393071287,15.571732675933832
363,27.843301316275078,1.516538587015846,2.592320309438159
122,30.50994920606663,6.424365393071287,15.571732675933832
364,27.816807251475634,1.516538587015846,2.592320309438159
123,30.468165627999472,5.82357330093386,15.571732675933832
365,27.798592146517493,1.516538587015846,2.592320309438159
124,30.449523956270557,5.82357330093386,13.535908267211965
366,27.798592146517493,1.516538587015846,2.592320309438159
125,30.449523956270557,5.82357330093386,13.535908267211965
367,27.798592146517493,1.516538587015846,2.592320309438159
126,30.449523956270557,5.82357330093386,13.535908267211965
368,27.785614337156975,1.516538587015846,2.592320309438159
127,30.419604866713904,5.82357330093386,13.535908267211965
369,27.769054901296176,1.516538587015846,2.592320309438159
128,30.419604866713904,5.82357330093386,13.535908267211965
129,30.374515222713537,5.82357330093386,13.535908267211965
20,31.629113454657997,43.6268541015625,64.71777855224558
21,31.629113454657997,43.6268541015625,64.71777855224558
22,31.629113454657997,37.19698346252592,64.71777855224558
23,31.629113454657997,37.19698346252592,64.71777855224558
24,31.629113454657997,37.19698346252592,57.69465350341779
25,31.572586845374506,35.98990615539551,57.69465350341779
26,31.572586845374506,35.81869401855674,57.69465350341779
27,31.572586845374506,35.81869401855674,57.69465350341779
28,31.572586845374506,35.81869401855674,57.69465350341779
29,31.572586845374506,33.04602156066894,57.69465350341779
370,27.769054901296176,1.516538587015846,2.592320309438159
371,27.75794864756798,1.516538587015846,2.592320309438159
130,30.374515222713537,5.82357330093386,13.535908267211965
372,27.737836686228107,1.516538587015846,2.592320309438159
131,30.374515222713537,5.82357330093386,13.535908267211965
373,27.736647310882738,1.516538587015846,2.592320309438159
132,30.374515222713537,5.82357330093386,13.535908267211965
374,27.714447016907318,1.516538587015846,2.592320309438159
133,30.365854425031646,5.82357330093386,13.535908267211965
375,27.714447016907318,1.516538587015846,2.592320309438159
134,30.355676439468784,5.82357330093386,13.535908267211965
376,27.699430196032257,1.516538587015846,2.592320309438159
135,30.351596587753935,5.82357330093386,13.535908267211965
377,27.699430196032257,1.516538587015846,2.592320309438159
136,30.29474582416292,5.82357330093386,13.535908267211965
378,27.689117936151856,1.4617250043772514,2.592320309438159
137,30.29474582416292,5.700238940429689,13.535908267211965
379,27.663280675662186,1.4617250043772514,2.592320309438159
138,30.29474582416292,5.63556455077884,13.535908267211965
139,30.290619925777058,5.63556455077884,13.535908267211965
30,31.52558254791105,33.04602156066894,57.69465350341779
31,31.52558254791105,33.04602156066894,57.69465350341779
32,31.52558254791105,27.938381921388654,57.69465350341779
33,31.52558254791105,26.907800717163095,57.69465350341779
34,31.508197194427275,26.229605081169865,57.69465350341779
35,31.508197194427275,25.875237591552732,57.69465350341779
36,31.508197194427275,25.875237591552732,57.69465350341779
37,31.460426930232458,25.875237591552732,57.69465350341779
38,31.460426930232458,23.519657135000937,57.69465350341779
39,31.460426930232458,23.120684814453124,57.69465350341779
380,27.657075296083026,1.4617250043772514,2.592320309438159
381,27.657075296083026,1.4617250043772514,2.592320309438159
140,30.284452823812437,5.63556455077884,13.535908267211965
382,27.649548507037622,1.4617250043772514,2.592320309438159
141,30.276761277346825,5.63556455077884,13.535908267211965
383,27.623838052616478,1.4617250043772514,2.592320309438159
142,30.270689754645705,5.579581967163169,13.535908267211965
384,27.61694099837911,1.4617250043772514,2.592320309438159
143,30.249650491350256,5.579581967163169,13.535908267211965
385,27.588995571867677,1.4617250043772514,2.592320309438159
144,30.241345047299145,5.579581967163169,13.535908267211965
386,27.588995571867677,1.4617250043772514,2.592320309438159
145,30.224727461953044,5.579581967163169,13.535908267211965
387,27.588594151515967,1.4617250043772514,2.592320309438159
146,30.224727461953044,5.579581967163169,13.535908267211965
388,27.55817501172405,1.4617250043772514,2.592320309438159
147,30.17170817856163,5.306898855590182,13.535908267211965
389,27.555771604859512,1.4617250043772514,2.592320309438159
148,30.17170817856163,5.208093487549421,13.535908267211965
149,30.17170817856163,5.104907669247518,13.535908267211965
40,31.427218073886912,23.120684814453124,48.90964162045405
41,31.427218073886912,23.120684814453124,48.90964162045405
42,31.427218073886912,23.120684814453124,48.90964162045405
43,31.427218073886912,22.558075579833975,48.90964162045405
44,31.427218073886912,22.044366677856313,48.90964162045405
45,31.417702981974852,21.573801849365232,42.03594798286242
46,31.376669801777776,21.573801849365232,42.03594798286242
47,31.346277722296442,20.52135649612019,40.17915129776001
48,31.32665786736111,20.52135649612019,40.17915129776001
49,31.29971417746945,20.280173785400397,40.17915129776001
390,27.555771604859512,1.4617250043772514,2.450546112116527
391,27.52854844829793,1.4617250043772514,2.450546112116527
150,30.17170817856163,5.104907669247518,13.535908267211965
392,27.525762908011604,1.4617250043772514,2.450546112116527
151,30.17170817856163,5.104907669247518,13.535908267211965
393,27.525762908011604,1.403520268132837,2.450546112116527
152,30.17170817856163,5.104907669247518,13.535908267211965
394,27.525762908011604,1.403520268132837,2.450546112116527
153,30.145208064448624,5.104907669247518,12.375196560666241
395,27.50945354609636,1.403520268132837,2.35637988732205
154,30.122619502768625,5.104907669247518,12.375196560666241
396,27.478334248582918,1.403520268132837,2.35637988732205
155,30.122619502768625,5.104907669247518,12.375196560666241
397,27.478334248582918,1.403520268132837,2.35637988732205
156,30.09350528368351,5.104907669247518,12.375196560666241
398,27.448225663374405,1.403520268132837,2.35637988732205
157,30.09350528368351,5.104907669247518,12.375196560666241
399,27.448225663374405,1.403520268132837,2.35637988732205
158,30.076620459354935,4.829231732177726,12.375196560666241
159,30.05768850880653,4.6937232237447555,12.375196560666241
50,31.29971417746945,20.280173785400397,40.17915129776001
51,31.29971417746945,20.280173785400397,40.17915129776001
52,31.29971417746945,20.280173785400397,40.17915129776001
53,31.29971417746945,16.359619608306883,40.17915129776001
54,31.294755018607795,16.359619608306883,40.17915129776001
55,31.27160404424945,16.359619608306883,40.17915129776001
56,31.27160404424945,16.359619608306883,40.17915129776001
57,31.27160404424945,16.359619608306883,40.17915129776001
58,31.196774668807603,16.29716171646115,40.17915129776001
59,31.196774668807603,16.29716171646115,40.17915129776001
160,30.05768850880653,4.6937232237447555,12.375196560666241
161,30.05768850880653,4.6937232237447555,12.375196560666241
162,30.05768850880653,4.680541311610894,12.125878009796143
163,30.044749187440736,4.680541311610894,12.125878009796143
164,30.04108425183416,4.680541311610894,11.843096810913602
165,30.01491061768271,4.680541311610894,11.843096810913602
166,29.99248442804672,4.680541311610894,11.843096810913602
167,29.99248442804672,4.680541311610894,11.843096810913602
168,29.99248442804672,4.281505242919974,11.843096810913602
169,29.96949113914959,4.281505242919974,11.843096810913602
60,31.196774668807603,13.272424866488741,40.17915129776001
61,31.18678552659611,13.272424866488741,40.17915129776001
62,31.18678552659611,11.606945621462945,35.75232737121582
63,31.154063369053542,11.606945621462945,35.75232737121582
64,31.154063369053542,11.606945621462945,34.95439275207519
65,31.154063369053542,11.606945621462945,34.95439275207519
66,31.154063369053542,11.606945621462945,34.95439275207519
67,31.112949224135516,11.606945621462945,34.95439275207519
68,31.112949224135516,11.606945621462945,33.410514990234404
69,31.079015273962167,11.606945621462945,33.410514990234404
170,29.96949113914959,4.281505242919974,11.662046905517569
171,29.948570015310175,4.281505242919974,11.662046905517569
172,29.938147833933623,4.281505242919974,11.662046905517569
173,29.938147833933623,4.281505242919974,11.662046905517569
174,29.938147833933623,4.281505242919974,11.662046905517569
175,29.903581180379575,4.156516571044902,11.662046905517569
176,29.903581180379575,4.156516571044902,11.662046905517569
177,29.882117005785297,4.156516571044902,11.662046905517569
178,29.882117005785297,4.156516571044902,11.662046905517569
179,29.852068641476365,4.156516571044902,11.662046905517569
70,31.079015273962167,11.606945621462945,33.410514990234404
71,31.067433565141762,11.606945621462945,31.505403330230667
72,31.067433565141762,11.606945621462945,31.505403330230667
73,31.03961167013736,11.606945621462945,31.505403330230667
74,31.014156424817067,11.606945621462945,31.505403330230667
75,31.014156424817067,11.606945621462945,31.505403330230667
76,30.998711831853313,11.606945621462945,31.505403330230667
77,30.99528687275117,11.351971389768753,28.550128640747072
78,30.99528687275117,11.351971389768753,28.550128640747072
79,30.96728664731569,11.351971389768753,24.836483765080057
180,29.825545529598006,4.156516571044902,11.662046905517569
181,29.825545529598006,3.755068149943715,10.010207537841797
182,29.8240845467242,3.755068149943715,10.010207537841797
183,29.823440656304722,3.755068149943715,10.010207537841797
184,29.79097200766498,3.755068149943715,10.010207537841797
185,29.78953338279145,3.755068149943715,10.010207537841797
186,29.78057125475828,3.755068149943715,10.010207537841797
187,29.74460878826702,3.580925189972763,10.010207537841797
188,29.741794652399214,3.580925189972763,10.010207537841797
189,29.741794652399214,3.580925189972763,10.010207537841797
80,30.96719974044939,11.351971389768753,24.836483765080057
81,30.938885410645323,10.368700714111325,24.836483765080057
82,30.938885410645323,10.368700714111325,24.836483765080057
83,30.89611325277565,10.368700714111325,24.836483765080057
84,30.88764768211744,10.368700714111325,24.836483765080057
85,30.88764768211744,10.194487170410154,17.939261596870697
86,30.87056828225444,10.194487170410154,17.939261596870697
87,30.87056828225444,10.194487170410154,17.939261596870697
88,30.85803647142813,10.194487170410154,17.939261596870697
89,30.85803647142813,9.557952648925777,17.939261596870697
190,29.72155786312573,3.580925189972763,10.010207537841797
191,29.713782028356945,3.580925189972763,8.339904132079909
192,29.68981350028614,3.580925189972763,8.339904132079909
193,29.68981350028614,3.580925189972763,8.339904132079909
194,29.684709365319733,3.580925189972763,8.339904132079909
195,29.674242372816288,3.580925189972763,8.339904132079909
196,29.633738290506805,3.580925189972763,8.339904132079909
197,29.589983635155516,3.580925189972763,8.339904132079909
198,29.589983635155516,3.580925189972763,8.176853179981775
199,29.589983635155516,3.580925189972763,8.176853179981775
90,30.85803647142813,9.557952648925777,17.939261596870697
91,30.85803647142813,9.557952648925777,17.939261596870697
92,30.843275281112895,9.557952648925777,17.939261596870697
93,30.843275281112895,8.878689163208017,17.939261596870697
94,30.843275281112895,8.878689163208017,17.939261596870697
95,30.80057798651188,8.878689163208017,17.939261596870697
96,30.80057798651188,8.878689163208017,17.939261596870697
97,30.746792958162768,8.642259790802003,15.571732675933832
98,30.746792958162768,8.642259790802003,15.571732675933832
99,30.746792958162768,8.642259790802003,15.571732675933832
1404,19.91131090206126,0.0,0.0
1403,19.920571948195214,0.0,0.0
1402,19.92811662020748,0.0,0.0
1401,19.93552090248406,0.0,0.0
1400,19.93552090248406,0.0,0.0
1409,19.894856334873168,0.0,0.0
1408,19.899175938728636,0.0,0.0
1407,19.899175938728636,0.0,0.0
1406,19.907622965939797,0.0,0.0
1405,19.91131090206126,0.0,0.0
1415,19.857164721941277,0.0,0.0
1414,19.87086671242959,0.0,0.0
1413,19.881019600024057,0.0,0.0
1412,19.882168612634448,0.0,0.0
1411,19.884912791325934,0.0,0.0
1410,19.894856334873168,0.0,0.0
1419,19.856366909307,0.0,0.0
1418,19.857164721941277,0.0,0.0
1417,19.857164721941277,0.0,0.0
1416,19.857164721941277,0.0,0.0
1426,19.824633252725462,0.0,0.0
1425,19.82591082430181,0.0,0.0
1424,19.829455687079303,0.0,0.0
1423,19.829455687079303,0.0,0.0
1422,19.84100359426324,0.0,0.0
1421,19.847549987257004,0.0,0.0
1420,19.84989865713551,0.0,0.0
1429,19.811149472079485,0.0,0.0
1428,19.813978071181296,0.0,0.0
1427,19.824178559330687,0.0,0.0
1440,19.76564327957193,0.0,0.0
1437,19.776794170199835,0.0,0.0
1436,19.776794170199835,0.0,0.0
1435,19.78561263751088,0.0,0.0
1434,19.78561263751088,0.0,0.0
1433,19.79335896789081,0.0,0.0
1432,19.79335896789081,0.0,0.0
1431,19.804266183662293,0.0,0.0
1430,19.80715987883653,0.0,0.0
1439,19.767693909193007,0.0,0.0
1438,19.767693909193007,0.0,0.0
1451,19.71645236546744,0.0,0.0
1450,19.7200710526456,0.0,0.0
1206,20.911763525625123,0.0,0.0
1448,19.731748907866727,0.0,0.0
1205,20.915374117373545,0.0,0.0
1447,19.73808354711684,0.0,0.0
1204,20.92322412244136,0.0,0.0
1446,19.739986781370156,0.0,0.0
1203,20.92322412244136,0.0,0.0
1445,19.739986781370156,0.0,0.0
1202,20.92322412244136,0.0,0.0
1444,19.74579964801499,0.0,0.0
1201,20.932746432308303,0.0,0.0
1443,19.74756735185529,0.0,0.0
1200,20.94268271756202,0.0,0.0
1442,19.74756735185529,0.0,0.0
1441,19.757659180864866,0.0,0.0
1209,20.88728371332679,0.0,0.0
1208,20.900407597355795,0.0,0.0
1207,20.900407597355795,0.0,0.0
1449,19.728206192806034,0.0,0.0
