Zyklus, bester Fitnesswert Real, Binaer1P, Binaer2P, worstReal, worstBinaer1P, worstBinaer2P
0,40.70739729411535,40.70739729411535,40.6439000914791,187.63854712164016,169.77134029872147,159.80128793032299
1,18.053999086471634,36.431164882501555,31.685980913203295,96.10828146033593,127.33533104309538,127.60100962854987
2,11.698163473119118,29.475495428644358,26.30603733213287,44.18064146794396,88.04934976121365,92.33167328489661
3,9.007222619666319,23.26800318472833,20.661403112544594,23.1124807986103,62.70020041189729,67.93682809037485
4,8.046596498069102,17.837354587081116,16.057808015389558,14.75662991225178,47.48402341613249,51.008895491771746
5,7.623344173440664,14.05881407580956,12.635902661831878,11.31474847293639,35.47401320522154,39.66097533139782
6,7.435103877051703,10.570089148479951,10.27178503268318,9.500037909452818,27.83010854672414,31.14514521879247
7,7.295778715415403,7.920094401813932,8.175517983399176,8.574313256347004,21.69528526378972,23.956041384496267
8,7.187961951654351,6.585966052660585,6.528435891839779,8.0714255216495,16.683033197589044,18.50375737596586
9,7.087365881425834,5.341343445202669,5.067517310461119,7.808032938655494,12.992010268161586,14.82610654059516
10,7.017140636149352,4.169290300335546,3.965671199590478,7.642040762475651,10.246352564094472,12.070556746796592
11,6.956887992282724,3.365785438083391,3.4157689396390145,7.533775512021143,8.204097125986147,9.911301568951439
12,6.8933705258430935,2.7698169213859085,2.853787225618865,7.450778784985387,6.707940539966318,8.263525583589306
13,6.8520830368605985,2.2025582205016114,2.4657874649917666,7.390177984625451,5.443333491414979,6.621619092990517
14,6.795092046199121,1.9165173904745516,2.107473266626636,7.332957888762743,4.288473144798519,5.6154103836166644
15,6.737981626889506,1.71998165498126,1.6925932226602014,7.276693625254191,3.619497037293645,4.712229027653367
16,6.69892437499577,1.348395496739994,1.4150071616285975,7.207786641924147,3.052065579589485,4.017344486486733
17,6.670981949740899,1.0699029908449946,1.1536132550704012,7.131993198612208,2.546226659562266,3.3889967826827476
18,6.622012039209738,0.9348223640023308,1.0637282376751307,7.058696886186149,2.2595255079199554,2.9467888324584663
19,6.604788329299313,0.7952152928454802,0.9457112309011835,6.983903735735342,1.9436619300504654,2.5701170842653682
20,6.5797480913081685,0.6939369293553805,0.8312549362676446,6.91768320943064,1.689255543914023,2.2093191361038076
21,6.5567765265267255,0.622336638099454,0.7501265336499183,6.862383743455532,1.4650603737258807,1.9384108243703653
22,6.541493901992954,0.5578775763786185,0.6685029177797887,6.814473991062516,1.278767608651838,1.6669677650326644
23,6.525697806068052,0.501999308336605,0.5805562306307214,6.774207061154755,1.1479338592410326,1.497583451275122
24,6.513667959566094,0.450246302542676,0.5352436988108807,6.7374657253889545,1.0445075131838295,1.397406221719983
25,6.5047725063829,0.404121096336054,0.470835502145278,6.700447948473656,0.9566004834509353,1.2870025815021071
26,6.493973596075308,0.36009775652814224,0.41692945253837066,6.6759590613319,0.885974597120029,1.1969127827495885
27,6.482288660863801,0.3142491358054183,0.3663428130530195,6.650832697793061,0.8123446976828765,1.1034763556020182
28,6.470638795792533,0.28567292943487105,0.3399112825161529,6.628714832442736,0.7545335883120036,1.0101062577064095
29,6.461283250433355,0.26256909671951356,0.2979897070322053,6.608589547395147,0.6998271394777479,0.9478396281289554
30,6.450256935282067,0.24241760205396568,0.26988237777258317,6.590026370801568,0.6485459423960594,0.8825832309875323
31,6.4412419713465745,0.22120355978854234,0.2448678234091494,6.576058801511639,0.60014061855795,0.8324902172699313
32,6.421236275851288,0.1902745184126015,0.22406108413086842,6.562517320350418,0.5498709986546991,0.7449633474462124
33,6.414172366065168,0.18083971909742252,0.2067968713569991,6.551511730703346,0.497251746855111,0.6934671027275249
34,6.403007159961106,0.1553847959088533,0.1901413573799196,6.539855122405506,0.4544268585824663,0.6364505062454798
35,6.3879860335184295,0.14383455400121375,0.17564032038399333,6.528002130977131,0.41950699358106713,0.589964855730003
36,6.383911069750731,0.13428812484220706,0.16102426050629476,6.515008231309135,0.38706326453773293,0.5475045824058086
37,6.376598472657158,0.12857416408184197,0.14114425324595767,6.501868181495944,0.35701968324544003,0.5122043490892312
38,6.3672523501950025,0.11461919634172199,0.13025267363210735,6.4891522148918,0.3234909518453463,0.4784145252654177
39,6.359881311680653,0.09838986772160938,0.11705124664650357,6.473238968908653,0.2977541782802705,0.44658328062499136
40,6.354530738637439,0.0917254341254311,0.09395127279991095,6.456170783939586,0.2701308726919866,0.41125175271265396
41,6.348908557898649,0.08184056673090265,0.08568040726167975,6.442309800139466,0.24900157298731074,0.37473317796169586
42,6.345633380672004,0.07606950775469631,0.07714797280684713,6.429857205518684,0.22955174798636666,0.33917467219778635
43,6.3396334761571085,0.06548220062177024,0.07377476463871664,6.419305584256739,0.21398237804936343,0.3118809734434456
44,6.3292318186382355,0.06188270190609601,0.06920380716692326,6.409365800382242,0.1979557850283653,0.28863280311264977
45,6.327003971238663,0.05811983932218825,0.05731670402322158,6.396601464948792,0.18459024481469372,0.2656086698181281
46,6.317916004150404,0.05165285534638704,0.05627643245637413,6.3888744765599155,0.17006844955955758,0.2438903913712242
47,6.309761972679274,0.048878068543784174,0.05419638123450135,6.382784210474244,0.15567157687457095,0.2255729029027262
48,6.303860286433871,0.04353546106928282,0.05099141373703728,6.376739979028176,0.1451644172737345,0.20928992250359574
49,6.297419092291549,0.04183606882765959,0.046065962908338046,6.3713399166751294,0.12913772976718005,0.1925466908091506
50,6.286335871438954,0.04051215282647067,0.04446280645723976,6.365705069385915,0.11602865674711799,0.17757271303953728
51,6.284059580195656,0.03881234392984284,0.04273371474619756,6.3590886730073395,0.10609828715383551,0.16197737086762842
52,6.26807938015922,0.03549190867532695,0.04135582250261752,6.353003284809799,0.09631312799796994,0.14928467513304297
53,6.265381247767554,0.03444903569838956,0.03991714322249164,6.341914804109494,0.08942126269765226,0.13746218898514423
54,6.263479865335186,0.0342171616516654,0.03940468739879449,6.334584498564429,0.08276013521086358,0.12893083492104224
55,6.260058704972804,0.032587641948950544,0.030874550898190013,6.32838681305885,0.07789339918642742,0.11616556952933133
56,6.25867306495604,0.023891044625337757,0.02758678106437346,6.32174900529248,0.07358714506586056,0.10568464563202419
57,6.254905489666816,0.023693298786429583,0.027327683468119285,6.3140703735689625,0.07013048505742599,0.0990019655208482
58,6.246741654853879,0.02364165039398044,0.026597648231143703,6.305524444428525,0.06644467210816275,0.09121952058842922
59,6.234541527360189,0.02354915663260395,0.026481832949541227,6.298542254964209,0.06324869475351419,0.08600014593864065
60,6.230730862127367,0.023327705318702003,0.024941382589869956,6.2919993329675235,0.05852044499501497,0.08162241490614049
61,6.22476179859053,0.022403636103546454,0.02462587323537755,6.287048815851107,0.05606286641221948,0.07740338335369457
62,6.218579827749976,0.020384386596570138,0.024447063933039255,6.2828840732695665,0.053756443086140096,0.0741163764681583
63,6.213080291095996,0.019350910032304696,0.02406793459867977,6.278037026298266,0.05177729432388138,0.07081756094774729
64,6.2101112341282,0.018088331350404968,0.02371316213445382,6.272268305985725,0.049820806778645095,0.06752868623249812
65,6.203246398205332,0.0177615908205913,0.0236141991241576,6.265797604334934,0.046101566596614754,0.06533046595928058
66,6.198982159022801,0.017646285322202138,0.023588028027006023,6.258719296490039,0.04471092813736112,0.0617386911121341
67,6.195783897153135,0.017625103302448833,0.022482495925005903,6.253321626757498,0.043099885593017744,0.05965536310260421
68,6.190946741261169,0.017311926088280728,0.02240807618049785,6.248263951653931,0.041290332404350066,0.05659922194643647
69,6.1825595519626,0.016897874531635937,0.022213200171591715,6.243219879293065,0.04031265564624901,0.053976202847250965
70,6.180502725952453,0.01681937136999244,0.022203281118757242,6.2422090286157035,0.03711481411204098,0.05046543082945432
71,6.178556134010783,0.01648745285866082,0.022176697320115027,6.236067785267103,0.03626634734579076,0.04769145039488074
72,6.165576652435991,0.01643923050972992,0.018957793323952924,6.24543283435714,0.03527766749284832,0.046480158779184995
73,6.160759810550187,0.01639936537564508,0.01894987586310874,6.228304560764025,0.03374675852086932,0.04551665910270387
74,6.158742706225639,0.016351189226375015,0.0186311798760435,6.23015522870231,0.032804595987957354,0.04454403532341503
75,6.157158367636295,0.016004694139565342,0.018526539506876914,6.220131792786308,0.03215852791986048,0.04345995464939441
76,6.152970948796168,0.01449613445907128,0.018526539506876914,6.209351677387344,0.030309296059416714,0.04259171290960023
77,6.147903856835406,0.013860813983892361,0.018122109661524416,6.211860004373656,0.029004680411468517,0.04177239669239739
78,6.144181175183926,0.013854143543563034,0.018111842150875485,6.20173063802617,0.02760021219375491,0.04076594251836683
79,6.138496053183867,0.013457271231500064,0.018044585445801394,6.2030778759212675,0.026802544690506035,0.04011874473842544
80,6.133624434248114,0.013456033628407891,0.017664308624294457,6.197346446112155,0.026272001172868032,0.03908395832480752
81,6.1327741433831475,0.013415481050841898,0.016532209403264435,6.193361790487219,0.025821877888173292,0.03798518880985617
82,6.127638474905938,0.013249231201997115,0.014557521655653272,6.195165930105105,0.025390562507800522,0.03720006592792286
83,6.12436719431251,0.01167184829135459,0.01448018463128518,6.177398901898246,0.025015484602065957,0.03481044391181345
84,6.122537176421398,0.011642935444279724,0.014405408998392821,6.168842199489947,0.02462784071387536,0.033179288273183644
85,6.121388255921127,0.011217297819014713,0.014390696695514755,6.165621946320982,0.024204746558172948,0.032240434562084044
86,6.118359400044317,0.01065366207729495,0.014157248585942427,6.164038773042177,0.02354583720476162,0.03168846397386812
87,6.114033506094939,0.010410518827630737,0.014050830539028714,6.159281390630968,0.02249265500330897,0.030888441625236275
88,6.108543501713449,0.010348672351376834,0.013747458032167236,6.158182347700752,0.02199845526845464,0.03000286678935904
89,6.103920055339901,0.010307851557676702,0.013747458032167236,6.155338808031545,0.021678373826770132,0.029388845322131818
90,6.097009423681225,0.010180713504809273,0.013745305849893783,6.152408218636811,0.021257670164378642,0.028912098598653558
91,6.0924131584343,0.010138633281237066,0.013380702497074516,6.148909449416331,0.020918342020470472,0.027761392731130704
92,6.090192595402098,0.010111062068669128,0.01332644873791302,6.144843801154609,0.020481902955034843,0.027288060092705912
93,6.083796784536808,0.010073572263916414,0.013323980709597495,6.141188177959569,0.018839756543651272,0.026100537269687578
94,6.078546863718254,0.010043730618993673,0.013299421859991296,6.137484637670971,0.018275827948728465,0.025371819620683377
95,6.078088070841137,0.009694846293578486,0.013268151970158277,6.133873545508793,0.01765898382931032,0.02471070737329209
96,6.072917984009265,0.009652014864910591,0.013264163378044664,6.12964727219166,0.017288261256490012,0.023059973626852363
97,6.07089989404811,0.009651792850088544,0.013262408386037382,6.125487352870327,0.01697916493708132,0.02231515851398748
98,6.069630373169494,0.009651792850088544,0.013262408386037382,6.124325150877418,0.016608639714734096,0.021652949640381176
99,6.068980352397679,0.009651792850088544,0.013260869461043318,6.114398388124838,0.01638800527906239,0.021127351843924974
100,6.066340999150782,0.009651734616065845,0.013259469748061194,6.107094520281143,0.01615236867145881,0.020640651768889805
101,6.065807790059257,0.009636517133792427,0.013021438662955362,6.102361168383123,0.015969133206568436,0.020262236776605817
102,6.065045045294958,0.009415593453182818,0.013020440504842475,6.099113963647783,0.01584031960501473,0.019886013842168773
103,6.063371454480515,0.009411767734846654,0.013018097487793279,6.096833209478649,0.015639852067464214,0.019625815651488673
104,6.060809792690925,0.009411504352199332,0.010684656245249759,6.094303455101187,0.015408499940899757,0.019464156626612134
105,6.05678932887856,0.009410312962591505,0.010682025622249696,6.092135992492531,0.015205068072317163,0.01927517002182719
106,6.055533385956458,0.009410230904185779,0.010433599619166272,6.09090122555865,0.015056367694336954,0.019073664971081407
107,6.054159883325501,0.009410230904185779,0.010433599619166272,6.087663236426607,0.014946714970214086,0.01888930369786324
108,6.052246972825219,0.009410023904825543,0.01022558882450272,6.085902399273384,0.014861211746079826,0.01880714860863004
109,6.049549001421417,0.009383750802615333,0.010224894684529902,6.084322140908114,0.014792731778152449,0.018671757160080193
110,6.0495398683113,0.009372207014309415,0.010224726991434842,6.08304347139544,0.014689894847529276,0.018589173499671027
111,6.046839759306793,0.009138940495226618,0.010224726991434842,6.082011560346344,0.014636273625666316,0.018510210708162503
112,6.045788041648481,0.00913636707569763,0.010215825425077396,6.080341932815961,0.014544818033407143,0.018402719509197817
113,6.044716006862249,0.00913636415073512,0.010187726937104694,6.078194877940934,0.01445050389271052,0.01833298482066207
114,6.044049416921976,0.009125240814452441,0.010175360899843602,6.076826459886297,0.014404515846091594,0.018203237973094408
115,6.04280011804535,0.009125240814452441,0.010151056299765421,6.07587180985023,0.01432019242988233,0.018118645388842832
116,6.042131064447168,0.009117004441018029,0.010151056299765421,6.075214292494052,0.01421430085876508,0.016979866436272095
117,6.0416463800203095,0.009110568211481089,0.010149606608375671,6.074617627085787,0.014125334839552871,0.015900615093391277
118,6.037377928369176,0.009094869155067672,0.010149603689593384,6.072403054221274,0.01406268638376232,0.01555078493862141
119,6.033648728527851,0.009094211778338164,0.010146742354021451,6.069871595824481,0.013961963386029017,0.015387041620894087
120,6.029212806658563,0.009093922474298832,0.010137035533450588,6.067798220375406,0.01384236537321563,0.015250935665679415
121,6.029212804759904,0.009093922474298832,0.01013701457131064,6.06572994071919,0.01368467423036429,0.015150481933662401
122,6.029205998849879,0.009093922474298832,0.01013576589248732,6.06416153873971,0.013564142126348986,0.015059069037921122
123,6.028559488272179,0.00909241679858319,0.010134866244855836,6.0621484208095175,0.013478795241926413,0.014965568431742045
124,6.028410937394234,0.009092251471913703,0.010133720832383168,6.0606165047806515,0.013405315204810985,0.014836147433669976
125,6.025700034601669,0.009092251471913703,0.010133720832383168,6.0592378653486385,0.01333299388293911,0.014728227013391404
126,6.024253046677269,0.00909207882068404,0.010133372335548153,6.057996674213506,0.013290178318040717,0.014684401668307069
127,6.0225995391651725,0.00909207882068404,0.010133356329522045,6.055860992616662,0.013223203575017453,0.0145965850268307
128,6.022214604239691,0.00909207882068404,0.010133353410739758,6.054489443366929,0.013165092928451184,0.014504440664947302
129,6.021125719872086,0.00909206281465793,0.010133353410739758,6.0578333838269085,0.01311394754922412,0.014484468076869594
130,6.018693387201257,0.00909206281465793,0.010133353410739758,6.056515821895464,0.01308520078030663,0.014402736234300058
131,6.018590280208568,0.009091768312530953,0.010133291135845355,6.0555676040567175,0.013045797870191191,0.014349021956045123
132,6.017869178381696,0.009091768312530953,0.009914810744253311,6.062237953944198,0.013017599722744766,0.014280472305450972
133,6.013712665760782,0.009091768312530953,0.00991430187492621,6.061513263467066,0.012987574146064915,0.014210252110092565
134,6.01182234016572,0.009091768312530953,0.009913487405151557,6.059266531442737,0.012950895680593181,0.0142071602628177
135,6.010830662822899,0.009091746843227186,0.009911315205612219,6.0581660142956935,0.012933614401516556,0.014167808685839483
136,6.010596261511187,0.009091746843227186,0.009911315205612219,6.0557669840247605,0.012926508266341716,0.014155356323668671
137,6.010536387362276,0.009091746843227186,0.009911230801512353,6.053200758786516,0.012904176762803676,0.014168074233582746
138,6.010362826880688,0.008791491475995642,0.009832614200697776,6.046695338120554,0.012860629822064379,0.014096901931888624
139,6.008163343114291,0.008791491475995642,0.009832614200697776,6.045279832029329,0.012842332084412496,0.014095614209341157
140,6.005702959482486,0.008791491475995642,0.009832614200697776,6.043725709589682,0.012818020867113977,0.014031576432879828
141,6.0042836757120845,0.008791491475995642,0.009832614200697776,6.04160882212093,0.012812112846079271,0.014038675283807048
142,6.004130626781287,0.008791491475995642,0.009827854428574107,6.0376588845001775,0.012798665838976282,0.013965755623851418
143,6.003848884655335,0.00877588371456902,0.009435405854410397,6.035188170449986,0.012791576498464257,0.013936957938403785
144,6.003523000306514,0.00877588371456902,0.009435405854410397,6.032890553432777,0.01279376492096526,0.013925200250592873
145,6.001133086113736,0.008755756322053122,0.009409935047077602,6.029105253593327,0.012762428415934413,0.013888015117747949
146,6.0002088198701,0.008755756322053122,0.009409935047077602,6.028140369415844,0.012721594985167594,0.013898613718880657
147,5.999674073511156,0.008755756322053122,0.009409935047077602,6.026367996497668,0.012730042472314245,0.013842611447879577
148,5.999024829284474,0.008402201276656857,0.00940933558683068,6.025040257685724,0.012616672867078536,0.013868382286477793
149,5.9954594863230986,0.008402201276656857,0.007674536951953085,6.024112959437897,0.012609372130928125,0.013864137985807662
150,5.994481768363364,0.008402201276656857,0.007339624111510747,6.023454782134017,0.012547391719228647,0.013882741328079073
151,5.993022470112534,0.006667367499230883,0.007124497643366792,6.02277807368512,0.012530099536485295,0.0137932211022228
152,5.992757741608332,0.006057857391890245,0.007124497643366792,6.022097724803371,0.012518156707740062,0.01376161642436076
153,5.99206339010374,0.006057857391890245,0.007033373532995732,6.021462672054728,0.012515537423464833,0.013668834613278417
154,5.991503293106993,0.006057857391890245,0.007033373532995732,6.020486543885049,0.012471847897058498,0.013643877803293777
155,5.9904383709490325,0.006031787124310528,0.007033373532995732,6.019839954214429,0.01245984525721609,0.013604274634731406
156,5.989545138959281,0.006031787124310528,0.006741658063743184,6.019388292222693,0.012247727192623445,0.01353976039692104
157,5.989311215381711,0.006031787124310528,0.0067416198405008355,6.018969826565223,0.012156143479832683,0.013531443564935377
158,5.9883853208483036,0.005894808403237733,0.0067416198405008355,6.018619183994161,0.012098735416028274,0.01335791073445743
159,5.987879552974295,0.005894808403237733,0.0066342504411479545,6.018409737561609,0.012023002234167605,0.013196138556081387
160,5.987508588695748,0.005710576317693853,0.0066342504411479545,6.025967203930605,0.01187637169245498,0.013138048039601422
161,5.986173672233239,0.0056778503343500215,0.006634140559751081,6.025703669203715,0.011050609379634148,0.012942230637571083
162,5.985632090816341,0.005622809936339981,0.006634140559751081,6.020111931440747,0.010086399319235407,0.012770752219915305
163,5.985248815748049,0.005603206918340971,0.006634140559751081,6.020699162452645,0.009791240868379594,0.011783112766797308
164,5.982587349625313,0.005603206918340971,0.006328168851107524,6.017426861600212,0.009644690275112177,0.01119802841427231
165,5.9822245142384665,0.00559708685242821,0.005970716911949209,6.016947939423797,0.009463841560434828,0.010903644891592103
166,5.982223833516581,0.00549921897623637,0.005970716911949209,6.016098204342455,0.009346880839875973,0.010647365581524309
167,5.9794764051522735,0.00549921897623637,0.005970716911949209,6.015524620131803,0.009260278579389151,0.010499471346306528
168,5.979256960500432,0.00549921897623637,0.005970716911949209,6.01384612573376,0.009205461923249772,0.010406942796614223
169,5.979000013853141,0.00549921897623637,0.005970716911949209,6.009066298882069,0.009096577150579953,0.010287486891560728
170,5.978885791465214,0.00549921897623637,0.005970716911949209,6.008634580128249,0.0089953256631998,0.010204233175976797
171,5.977856073546726,0.005199329110263226,0.005970716911949209,6.007656449419304,0.008952076530477056,0.010120588488306326
172,5.97783450713985,0.005199329110263226,0.005970716911949209,6.0060545218286485,0.008907719958555205,0.01005240646895652
173,5.977521732041573,0.005199329110263226,0.005970716911949209,6.0056968989861215,0.008884661862754462,0.009998121687579811
174,5.977389767594997,0.005199329110263226,0.005970716911949209,6.005272345859428,0.00887300290505675,0.009944809318115174
175,5.976233606342292,0.005199329110263226,0.005970716911949209,6.003473858029282,0.008850371090317076,0.009931794574869016
176,5.975335873852845,0.005199329110263226,0.005970716911949209,6.003174010656851,0.008822809028167632,0.009909232307440207
177,5.974781188220151,0.005199329110263226,0.005970716911949209,6.000504843532749,0.008831614124452474,0.009893148162027559
178,5.974781188220151,0.005199320596110788,0.005970716911949209,5.999842197760662,0.008806137245953694,0.009888225662069827
179,5.974593069880858,0.005199320596110788,0.005970716911949209,5.997511406525672,0.00880510530578528,0.00986524284680505
180,5.974422641104444,0.005199320596110788,0.005970716911949209,5.997237800829482,0.008783731665869347,0.009878898716584006
181,5.973775550668306,0.005199320596110788,0.005763549375660133,5.997087779442819,0.008787223910629244,0.00984792807948631
182,5.973747153008309,0.005199320596110788,0.005763549375660133,5.9961016333377914,0.008784901789746911,0.009861270471212014
183,5.973280041512925,0.005199320596110788,0.005763549375660133,5.995239776835907,0.008789940888053254,0.009828836648737854
184,5.973048578240782,0.005199320596110788,0.005763549375660133,5.994863195173,0.008765342682547536,0.00981165464866668
185,5.973048578240782,0.005199320596110788,0.005763549375660133,5.99334589879999,0.008770463336060049,0.00980501351174124
186,5.9730093514684635,0.005199320596110788,0.005763549375660133,5.993338660875023,0.008744036107458416,0.009783777814482992
187,5.972792165340249,0.005199320596110788,0.005763549375660133,5.993334211504353,0.00876438335979398,0.009771413253462547
188,5.972792165340249,0.005199320596110788,0.005763511152417785,5.993197238519905,0.008744085785249288,0.009790304018234445
189,5.972792165340249,0.005199320596110788,0.005763511152417785,5.99285522550647,0.008721458586672021,0.00978501157313004
190,5.971384551934592,0.005199320596110788,0.005763511152417785,5.992659887728464,0.008701159220863529,0.009771012190934743
191,5.970641739938608,0.005199320596110788,0.005763511152417785,5.991848192456971,0.0087011604536227,0.00977348394654944
192,5.970641739938608,0.005199320596110788,0.005763511152417785,5.991213000332738,0.008696147944135984,0.00973191623758154
193,5.970619749507173,0.005199320596110788,0.005763511152417785,5.990951089085883,0.00868725020768414,0.009728463123960425
194,5.970278331372578,0.005199320596110788,0.005763511152417785,5.98963388120837,0.008666971754123273,0.009713803098760744
195,5.970278331372578,0.005199320596110788,0.005763511152417785,5.989477427755912,0.008642473926722866,0.009714622736525947
196,5.970278331372578,0.005163802933360423,0.005763511152417785,5.989411791231558,0.008538205227894051,0.009678802024424204
197,5.9702258413946,0.005163802933360423,0.005763511152417785,5.989386497327581,0.008537839472574341,0.009680197530608446
198,5.970130860117328,0.005163802933360423,0.005763511152417785,5.997685595731842,0.008518785946515133,0.00959382076273683
199,5.969768554271928,0.005163802933360423,0.005763511152417785,5.99250539454169,0.00849320686513175,0.009530290439412357
200,5.969768554271928,0.005163802933360423,0.005763511152417785,5.991983317101434,0.008445770763864137,0.009483681109874895
201,5.969719951897745,0.005163802933360423,0.005763511152417785,5.985954180474031,0.008423586646862486,0.009474108721296946
202,5.969719951897745,0.005163802933360423,0.0056755734167870464,5.9837857924694955,0.00844230099562113,0.009446250831401038
203,5.969719951897745,0.005163802933360423,0.0056755734167870464,5.992335354281657,0.008411675538411673,0.0094329404160221
204,5.969719951897745,0.005163802933360423,0.005638969754749163,5.987993452251107,0.00838723193121606,0.009395424918176618
205,5.969719951897745,0.005163802933360423,0.005638969754749163,5.9861616068151555,0.00838901129379369,0.009393925455869766
206,5.969719951897745,0.00512719927132254,0.005638969754749163,5.98584478905276,0.008358888644583175,0.009398682302411782
207,5.969719951897745,0.00512719927132254,0.005619583163013123,5.985645095327239,0.00835468861661096,0.009383468760816667
208,5.969719951897745,0.00512719927132254,0.005619583163013123,5.985538037085635,0.00837591809159449,0.00937500823718731
209,5.969719951897745,0.0051078126795865,0.005619583163013123,5.985492147683248,0.008362835162739815,0.0093715247121595
210,5.9697163188327105,0.0051078126795865,0.005619583163013123,5.985464363043985,0.008332641617165145,0.009392265721404032
211,5.9697163188327105,0.005047220573102862,0.005619583163013123,5.99056397917145,0.008318046588145072,0.009350441469318545
212,5.9697163188327105,0.005047220573102862,0.005619583163013123,5.990550650848013,0.008310588641643114,0.009349183852206332
213,5.969712646191661,0.0050276733957256205,0.005619583163013123,5.998338099313773,0.00830823994245624,0.009346557988398878
214,5.969712338522845,0.0050276733957256205,0.005619583163013123,5.98956626106209,0.008308404229631985,0.009348998641533192
215,5.969711817209018,0.0050276733957256205,0.005619583163013123,5.98861321917553,0.008296828974360059,0.009345229251877567
216,5.969711817209018,0.0050276733957256205,0.005619583163013123,5.989371571930847,0.008297656946486627,0.009304019246011156
217,5.969711582205309,0.0050276733957256205,0.005619583163013123,5.989329234899158,0.008280032754104069,0.009125441254124221
218,5.969711582205309,0.0050276733957256205,0.005619583163013123,5.997740141834239,0.008271879603549782,0.009058836661049788
219,5.969711272424165,0.0050276733957256205,0.005619583163013123,5.9883196097958455,0.008252749509566589,0.009009012195867434
220,5.969711245916286,0.0050276733957256205,0.005619583163013123,5.9883123903506545,0.008260920017899093,0.008969454632178454
221,5.9692092751176595,0.0050276733957256205,0.005619583163013123,5.989281330615191,0.008236574668167122,0.008939988829639178
222,5.969209273201483,0.0050276733957256205,0.005619583163013123,5.988306696006095,0.00822585151875864,0.008920927164683498
223,5.9692092713835265,0.0050276733957256205,0.005619583163013123,5.989277478832901,0.008225965509703977,0.008888328221824025
224,5.968454524298974,0.0050276733957256205,0.005619583163013123,6.002922075711013,0.00822399975420163,0.00885742949823625
225,5.968454524223959,0.0050276733957256205,0.005373481697911564,5.9935912261885145,0.008220955291887048,0.008860110625434214
226,5.968454494924124,0.0050276733957256205,0.005041459891714864,5.990170117798349,0.008220578210514973,0.00882723005190976
227,5.9684544949021765,0.0050276733957256205,0.005041459891714864,5.989359352355741,0.00821455827513434,0.008843335615647948
228,5.967573125655435,0.004781571930624061,0.005041459891714864,5.988298939137616,0.008212201220495879,0.00882565427803834
229,5.967573125655435,0.004781571930624061,0.005041459891714864,5.988298376340027,0.008198196199037574,0.008811365005724207
230,5.967567944835679,0.004449550124427362,0.005020559168901762,5.990940978452975,0.008187967161328146,0.008782340989017545
231,5.967567944833978,0.004449550124427362,0.005020559168901762,5.992286922412108,0.008194495865100961,0.008755164603980861
232,5.967567944833929,0.00444668036231236,0.005020559168901762,5.990923724470874,0.008199855843447785,0.00876544131254493
233,5.967567944833573,0.00444668036231236,0.005020559168901762,5.990906853578691,0.008183564162193199,0.008729781672032167
234,5.9675679448327275,0.00444668036231236,0.005020559168901762,5.989584146910617,0.008191243677334627,0.008747354464646409
235,5.967567834276607,0.00444668036231236,0.005020559168901762,5.989220241758675,0.008174319156908192,0.008730372524266299
236,5.967567834276607,0.00444668036231236,0.00501773307537152,5.989217790764277,0.008159999061812124,0.008730954993409578
237,5.966824057693388,0.00444668036231236,0.00501773307537152,5.988531120282155,0.008159707344339425,0.008713760207849124
238,5.966824057693388,0.00444668036231236,0.00501773307537152,5.996869354028871,0.008159569958234442,0.008729102510046717
239,5.966824057585631,0.00444668036231236,0.00501773307537152,5.984950359756268,0.008162756682317281,0.008722691742233259
240,5.96682405758563,0.00444668036231236,0.004950348765126599,5.9892815212544255,0.008156252563713322,0.00872458465944403
241,5.966140781247236,0.004442012003083155,0.004950348765126599,5.9862643054633065,0.008141747172940736,0.008726305652838058
242,5.966140781247236,0.004388011330547824,0.004950348765126599,5.994132028793643,0.008136342137600156,0.008706355622724895
243,5.966140781247224,0.004388011330547824,0.004924899270932172,5.984949188821004,0.008134739599404644,0.008681559136008767
244,5.966140781247078,0.004388011330547824,0.004924899270932172,5.986550643100804,0.008117949871018151,0.00866394963417386
245,5.96614078124707,0.004388011330547824,0.004924899270932172,5.992088973179134,0.008129103571322405,0.00866870772138784
246,5.966140781247053,0.004388011330547824,0.004924899270932172,5.984703623766611,0.008107572620533207,0.008697891783257286
247,5.966140781247053,0.00438378660154906,0.004924899270932172,5.987494250057044,0.008119645744280061,0.008684633126572834
248,5.964075980549537,0.00438378660154906,0.004796090232669917,5.989111064487207,0.008126718345690889,0.008664180412050075
249,5.964075980549537,0.004357277528419599,0.004796090232669917,5.991950663906098,0.00809449086717004,0.008665533786251336
250,5.964075980549534,0.004357277528419599,0.004796090232669917,5.989516919797414,0.008087785329974308,0.008669952737442721
251,5.964075980549534,0.004357277528419599,0.004712009338309462,5.989391333564964,0.008071824747050624,0.008632930032661008
252,5.964075980549534,0.004266887997541706,0.004712009338309462,5.987087164103344,0.008059139079025142,0.00863031067057322
253,5.964075980549534,0.004266887997541706,0.0046718404050717375,5.984682043038109,0.008050851967210122,0.008620581442472493
254,5.964075976101692,0.004266887997541706,0.0046718404050717375,5.989158529982473,0.008058328201083174,0.00864320266392434
255,5.962203184090322,0.004182807103181252,0.0046718404050717375,5.986709748632773,0.008037917568246254,0.008633599698111453
256,5.960853780764852,0.004182807103181252,0.0046718404050717375,5.983587403487725,0.008045178528038132,0.008642787459984836
257,5.960461650638778,0.004182807103181252,0.0046718404050717375,5.980721625316285,0.008020347116343092,0.00860239754744138
258,5.960461650638767,0.004182807103181252,0.0046653200420694275,5.98806266385815,0.008029250656691215,0.00862143440577403
259,5.960141898780189,0.004182807103181252,0.0046653200420694275,5.9929344111864316,0.008025861170038104,0.008600147117289002
260,5.95972908744096,0.004159575226758369,0.0046653200420694275,5.991071662966574,0.007999744307276742,0.008569367833590474
261,5.9596950706792144,0.004159575226758369,0.0046653200420694275,5.990529039532209,0.008001709921803823,0.008591032038034203
262,5.95937192974254,0.004159575226758369,0.004665233467805112,5.984355462667062,0.007985470351037477,0.008595147957148795
263,5.959109341880344,0.004159575226758369,0.004665233467805112,5.977431373495379,0.007988716615019155,0.008573296590241263
264,5.959109341865575,0.004159575226758369,0.004665233467805112,5.979866059856433,0.007966572490099388,0.008577272855682142
265,5.959021286434162,0.004159575226758369,0.004665233467805112,5.985266050255968,0.007968020293978166,0.008580278129090351
266,5.959021286434162,0.004146962839115804,0.004665233467805112,5.997026289046522,0.007938167326345263,0.008583311666934837
267,5.95902128643416,0.004146962839115804,0.004620271576994605,5.992066716065091,0.007898014388114806,0.008551571808636048
268,5.959021211714774,0.004146962839115804,0.004620271576994605,5.992020618557326,0.007868079139112789,0.00854086916158426
269,5.959021211714774,0.004146962839115804,0.004620271576994605,5.995382552165825,0.00784063998214098,0.008454663422033812
270,5.9581018615654795,0.004144157843135243,0.004620271576994605,5.992128373306765,0.007759128212160943,0.00840630502801544
271,5.9581018615653605,0.004131263782702389,0.004620271576994605,5.99211479953463,0.00769267189469554,0.00833270013844275
272,5.957630692376555,0.004131263782702389,0.004620271576994605,5.989976053771088,0.007634180767917688,0.008236984607405866
273,5.957630692376555,0.004122302506301046,0.004620271576994605,5.992101355937215,0.007601365684400786,0.008193046314789404
274,5.957538757396406,0.004122302506301046,0.004620271576994605,5.991942892016838,0.007588495973809655,0.00817328913462252
275,5.957162916817862,0.004122302506301046,0.004620271576994605,6.0097995606707695,0.007563604790042081,0.008132722434524692
276,5.957162916801566,0.004122302506301046,0.004620271576994605,6.018375733826278,0.007543767056313822,0.008123814311297705
277,5.957162916801566,0.004122302506301046,0.004620271576994605,6.012951410552782,0.007510113193732658,0.00811607674615776
278,5.957160594833299,0.004122302506301046,0.004620271576994605,6.0067998751391904,0.007510381273046367,0.008096867165356661
279,5.956717588339398,0.004122302506301046,0.004620271576994605,5.999209921860111,0.007450503396655528,0.008049254545821293
280,5.956639290549419,0.004122302506301046,0.004620271576994605,5.995433519389742,0.007423101307461493,0.007983444247689677
281,5.956639290549419,0.004122302506301046,0.004620271576994605,5.998215970051957,0.007383435861764976,0.007945897895402159
282,5.955784480200788,0.004122302506301046,0.004620271576994605,6.002484427890034,0.007350103804581743,0.007880570661918994
283,5.955784480200788,0.004122302506301046,0.004620271576994605,6.009469949427743,0.007334384926959523,0.007857888646106276
284,5.954511029405193,0.004122302506301046,0.004620271576994605,6.010354441402548,0.007314784777241764,0.007865809553969854
285,5.953888340204487,0.004122302506301046,0.004620271576994605,6.005313876094359,0.007300783387701762,0.007838841895496905
286,5.953888340204487,0.004122302506301046,0.004620271576994605,6.0004414431371496,0.007306237534186902,0.007841716069993896
287,5.953888340204475,0.004122302506301046,0.004620271576994605,6.018120237986376,0.007286292831281219,0.00783157369457507
288,5.953887394119326,0.004122302506301046,0.0046202563147590015,6.012883008049494,0.0072992886571410405,0.007808049195853065
289,5.953870516377465,0.004122302506301046,0.0046202563147590015,6.011905356775954,0.00729204501296789,0.007842191662329584
290,5.95250251425337,0.004122302506301046,0.0046202563147590015,6.016800241446137,0.007294852122833746,0.007842024294308626
291,5.952012637261159,0.004122302506301046,0.0046202563147590015,6.019207819572444,0.00729100512131165,0.007800873019797962
292,5.9512880810156465,0.004122302506301046,0.0046202563147590015,6.009857169921051,0.007223848546570255,0.0077751711225385964
293,5.9512880810156465,0.004122302506301046,0.0046202563147590015,6.01326877503876,0.007174988461414536,0.007797245581166052
294,5.9512880810156465,0.004122302506301046,0.0046202563147590015,6.0155045776595895,0.007159923467408924,0.007796688599967446
295,5.949412106281674,0.004122302506301046,0.0046202563147590015,6.017188156607805,0.007119966004281799,0.007730550259500503
296,5.949412106281598,0.004122302506301046,0.0046202563147590015,6.014227886705109,0.0071012143150706395,0.0076713913310786
297,5.9494075598526415,0.004122302506301046,0.0046202563147590015,6.020443146545778,0.007088259728731674,0.007655278676048916
298,5.9494075598526415,0.004122302506301046,0.0046202563147590015,6.01898437178065,0.007067882409196007,0.00761002123169664
299,5.948125719377442,0.004122302506301046,0.0046202563147590015,6.017753893264497,0.007044117117067109,0.007578635699678376
300,5.948125719377304,0.004122302506301046,0.0046202563147590015,6.015025897461351,0.007042432392714997,0.007583330047350559
301,5.9475182556447,0.004122302506301046,0.0046202563147590015,6.017875188395768,0.007030426061006562,0.0075591673624519126
302,5.9475182556447,0.004122302506301046,0.0046202563147590015,6.026691501824619,0.0070191614040179704,0.007541080887864527
303,5.9472921613878915,0.004122302506301046,0.0046202563147590015,6.019253691049172,0.007017796991469276,0.007558459558944737
304,5.947290063634918,0.004122302506301046,0.0046202563147590015,6.025554889226462,0.006983096653250574,0.007552288345974413
305,5.947268308708527,0.004122302506301046,0.004607516603378647,6.018254808494442,0.007005255942243422,0.007541335492964928
306,5.942541753782697,0.004122302506301046,0.004607516603378647,6.020398880561118,0.007005117142647711,0.0075398197896220185
307,5.942541753782697,0.004122302506301046,0.004607516603378647,6.019853787912144,0.006997920625194388,0.007532593809311753
308,5.939511282707354,0.004122302506301046,0.004607516603378647,6.03076373905011,0.00697629535743152,0.007557641386797488
309,5.93942413779575,0.004122302506301046,0.004607516603378647,6.026554337078966,0.006961577575267522,0.007552183010698552
310,5.93942413779575,0.004122302506301046,0.004607516603378647,6.036381975894275,0.006958882655129699,0.007533110046784221
311,5.93942413779575,0.004122302506301046,0.004607516603378647,6.038031660230996,0.006946692103960157,0.0075171236693875295
312,5.939335047971587,0.004122302506301046,0.004605567840394413,6.043785389497782,0.0069511028253886,0.007489862035335892
313,5.934977122427896,0.004122302506301046,0.004605567840394413,6.027048074249117,0.006948157774221002,0.0075056253102125025
314,5.934820686629565,0.004122302506301046,0.004605567840394413,6.026704963620171,0.006937242467554183,0.007492690334816237
315,5.93482068662938,0.004122302506301046,0.004605567840394413,6.028753753228127,0.00692979069921972,0.0074934637386325385
316,5.93482068662938,0.004122302506301046,0.004605567840394413,6.033802905569086,0.006918476845305398,0.007502721515254316
317,5.93482068662938,0.004120487703967901,0.004605567840394413,6.032746647606152,0.006939751558688295,0.007515736232665632
318,5.934808606206912,0.004120487703967901,0.004605567840394413,6.048869993436961,0.006932576952562473,0.00750564763809888
319,5.9284838096150425,0.004120487703967901,0.004605567840394413,6.037886871035755,0.006928260687588724,0.007495435652020964
320,5.926696759494396,0.004120487703967901,0.004605567840394413,6.041455547547799,0.006912583802184082,0.007494811563329897
321,5.923711045052821,0.004120487703967901,0.004605567840394413,6.030988155542636,0.006899147351128331,0.007472491512117081
322,5.923710650586013,0.004120487703967901,0.004605567840394413,6.024894726517443,0.006893015639119253,0.007479319697039903
323,5.92317904025994,0.004120487703967901,0.004605323450853802,6.049863601851258,0.006912256355268768,0.007475094709944801
324,5.92317904025994,0.004120487703967901,0.004605323450853802,6.053075944087012,0.006901124286107227,0.007456273679890712
325,5.9223370242587485,0.004120487703967901,0.004605323450853802,6.055986757371107,0.006891067476872387,0.007459889615469019
326,5.922335867557035,0.004120487703967901,0.004605323450853802,6.054777701960787,0.0068943231674517625,0.0074692768660488676
327,5.922335867557035,0.004120411321242015,0.004383930063891582,6.056691871340579,0.006899459590345082,0.0074654426089008
328,5.922335867557035,0.004120411321242015,0.004383930063891582,6.060038506779648,0.006885005726579479,0.007439211853030892
329,5.922240552547361,0.004120411321242015,0.004383930063891582,6.06378372607241,0.006880200232475102,0.007428647301860002
330,5.919748799762247,0.003875473163376051,0.004383930063891582,6.075416200317359,0.006876620022568173,0.00742655943685111
331,5.91974630340994,0.003875473163376051,0.004178218532584136,6.063499822977932,0.00685884408381411,0.007428900548144672
332,5.919505774703557,0.003875473163376051,0.004178218532584136,6.054651957852112,0.006855726860438458,0.0074251888796475155
333,5.919299393599094,0.003875473163376051,0.004178218532584136,6.070994965754843,0.0068749676750429435,0.007440014011795423
334,5.918319535637851,0.003875473163376051,0.004178218532584136,6.080281079197346,0.006854494947979819,0.0074427297156453055
335,5.91752849137952,0.003875473163376051,0.004178218532584136,6.080214187592821,0.006864801059784123,0.007446182278343149
336,5.916958428081882,0.003652371096797907,0.004178218532584136,6.052508765081914,0.006858304259263928,0.0074384400885669924
337,5.9169577651064325,0.003652371096797907,0.004178218532584136,6.063843637843622,0.006880499620332485,0.007421680645106368
338,5.916751418900199,0.003652371096797907,0.004178218532584136,6.047602770855669,0.006867947242161955,0.007425389102279868
339,5.916030596011626,0.003652371096797907,0.004178179885068558,6.051387110169883,0.006864980407425333,0.007411178616490233
340,5.91517045959009,0.003652371096797907,0.004178179885068558,6.051944963194014,0.0068589789894340225,0.007408538374676454
341,5.9150767238499675,0.003652371096797907,0.004178179885068558,6.047602294278841,0.006843229147676676,0.007401880981574436
342,5.91503298939287,0.003652371096797907,0.004178179885068558,6.0602856187609175,0.006841131117552088,0.0074225848927857545
343,5.9135004917889695,0.003652371096797907,0.004178179885068558,6.044259652459012,0.0068476267813105006,0.007425071426008444
344,5.913500491738111,0.003652371096797907,0.00415374920451772,6.051722313613006,0.006846357548370554,0.00742172058960946
345,5.913422760811679,0.003652371096797907,0.00415374920451772,6.0428283311959605,0.0068405793874642875,0.007406747275137865
346,5.911981103904002,0.003652371096797907,0.00415374920451772,6.034126181448458,0.006841708136692105,0.007377549912694966
347,5.9076324371169555,0.003652371096797907,0.00415374920451772,6.045556306613168,0.0068217114956175065,0.007391413458941727
348,5.907630198251256,0.003652371096797907,0.00415374920451772,6.070499672706789,0.006831142194455357,0.0073809278887853255
349,5.906831272446176,0.003652371096797907,0.00415374920451772,6.078320388026273,0.006844654696006634,0.007346819304864998
350,5.906831265734852,0.003642560049157304,0.00415374920451772,6.06191205199568,0.006823194706120159,0.007323746251532183
351,5.906831265504106,0.003642560049157304,0.004125554088572789,6.060213291283467,0.006815594814778167,0.007318846939397345
352,5.903860198425045,0.003642560049157304,0.004125554088572789,6.067914413092431,0.006831595934765273,0.007322550639948993
353,5.9011322018232555,0.003642560049157304,0.004125554088572789,6.0616020589746995,0.0068280394111568336,0.007308697038183487
354,5.898725959310086,0.003642560049157304,0.004125554088572789,6.052671374351377,0.006812043290150517,0.0072932033616710645
355,5.896826557725531,0.003642560049157304,0.004125554088572789,6.04713468061518,0.006817540263875009,0.007292443596057462
356,5.896390893580765,0.003642560049157304,0.004125554088572789,6.0600740998258615,0.006804856123045395,0.007283212049387565
357,5.895911355840202,0.003642560049157304,0.004118894884356698,6.056786444515364,0.006805548740673754,0.007265962044333182
358,5.895898862932205,0.003642560049157304,0.004118894884356698,6.058277063027748,0.006801417446436966,0.007264067855363748
359,5.895898862932204,0.003642560049157304,0.004118894884356698,6.064091353830077,0.006794026079793955,0.0072696750468879065
360,5.895724675970288,0.003642560049157304,0.004118894884356698,6.038205114515947,0.006793826460389388,0.007253783052698979
361,5.894137803731078,0.003642560049157304,0.004118894884356698,6.03576355837382,0.006774518657257502,0.007278063422237219
362,5.893110729577031,0.003642560049157304,0.004116863357447561,6.056206541990831,0.006784415043746324,0.007257987895011674
363,5.892320916116224,0.0036406105367713026,0.004116863357447561,6.050010063871894,0.006785455597984498,0.007242413194869159
364,5.8873196219353865,0.003640515017000365,0.004116863357447561,6.058834914410281,0.00678541984164727,0.007250580327033121
365,5.887319621934508,0.003640515017000365,0.004116863357447561,6.059308209161185,0.006774090712111845,0.007255118740362256
366,5.886639038581918,0.003640515017000365,0.004116863357447561,6.042804403649467,0.0067823683679433385,0.007249570245716915
367,5.885745111229096,0.003640515017000365,0.004116863357447561,6.03320671415316,0.006787224626303389,0.007235707350660071
368,5.885375737188512,0.0036404785307949483,0.003989165426558764,6.056428894776323,0.006766584114350433,0.0072529163043340865
369,5.885313377735628,0.003512817086111568,0.003989165426558764,6.05723194830602,0.006773645633934218,0.0072424553028384965
370,5.882603486874565,0.003512817086111568,0.003957769427671865,6.070220113261313,0.00676373298841625,0.007229921309514352
371,5.88103300865742,0.003512817086111568,0.003957769427671865,6.069070720758975,0.0067673649349457975,0.007259505185731121
372,5.879004920299577,0.0034814210872246686,0.003957769427671865,6.0568997952225825,0.006771887949255547,0.007227639232943887
373,5.879004920299544,0.0034814210872246686,0.003957769427671865,6.075593274496714,0.006765528255222728,0.007223379007787824
374,5.878991649571787,0.0034747751245670865,0.003957769427671865,6.06811825126784,0.006751607379345269,0.007231573234009092
375,5.878991362807191,0.0034747751245670865,0.003938097642354997,6.051423088125441,0.00674446888043675,0.007233750189834199
376,5.878990987311503,0.0034747751245670865,0.003938097642354997,6.072217989627318,0.0066823263713078306,0.007228522788664311
377,5.877765536911926,0.003461844821678739,0.0037830515931613516,6.093484508471179,0.006615466915090042,0.007219456627581963
378,5.877726055057028,0.003461844821678739,0.0037830515931613516,6.092772233375322,0.006596765997566032,0.0072154630159239905
379,5.873193100542892,0.003461844821678739,0.0037830515931613516,6.074824248577284,0.006548495958998361,0.007210142663136109
380,5.873193094204932,0.0033999337292472875,0.0037830515931613516,6.067083152176485,0.006528967195520847,0.007192232546352785
381,5.873045552992489,0.0033102324613312395,0.0037830515931613516,6.079945095489251,0.006505867182177597,0.007202622436457953
382,5.866256520376635,0.0033102324613312395,0.0037729322105611173,6.067971840826044,0.0064722907810192635,0.007197785808687283
383,5.866205816188096,0.0033102324613312395,0.003772686850226401,6.063534386487921,0.006442159248043162,0.007180089968688737
384,5.866178666693625,0.0033102324613312395,0.003772686850226401,6.066100075821505,0.006450861640638,0.007131581016121741
385,5.866145898796728,0.0033102324613312395,0.003772686850226401,6.080210588695856,0.006415989290474369,0.007010148197098215
386,5.860704633993594,0.0033102324613312395,0.003772686850226401,6.059473985645017,0.006419169574871376,0.0069667463031705
387,5.86070463398962,0.0032964340295501427,0.003772686850226401,6.0687679153983085,0.0064081692873778715,0.006917821227439447
388,5.860701572776174,0.0032964340295501427,0.003772686850226401,6.06491881373542,0.0063874905207209,0.006914850361760506
389,5.86055380810421,0.0032964340295501427,0.003772686850226401,6.0619791541474255,0.0063916648421693655,0.006873140039195217
390,5.858949708525278,0.0032964340295501427,0.003772686850226401,6.064967967739875,0.006377679080113211,0.006852979232916434
391,5.858595498362962,0.0032964340295501427,0.003772686850226401,6.055535678109565,0.006367842723906205,0.006839411105444679
392,5.858426010170044,0.0032964340295501427,0.003772686850226401,6.061749044337281,0.0063600198978282785,0.006825242732810668
393,5.858032630150164,0.0032964340295501427,0.003772686850226401,6.055647846147085,0.006339733599848395,0.006812734786783497
394,5.856159042741362,0.0032964340295501427,0.003772686850226401,6.057749694026661,0.006365022005119966,0.006814840624631062
395,5.854847279439303,0.0032964340295501427,0.003772686850226401,6.044527600450273,0.006349508033775392,0.006802226442195117
396,5.854847279439303,0.0032964340295501427,0.003772686850226401,6.052326179319831,0.00633050857694899,0.006820084235912263
397,5.851923753979271,0.0032964340295501427,0.003772686850226401,6.060804049183622,0.006330151609623,0.006798168536408086
398,5.846667554594852,0.0032964340295501427,0.003772686850226401,6.072927892756361,0.006337103064100387,0.006793948963771226
399,5.8452428550151705,0.0032964340295501427,0.003772686850226401,6.068385765914695,0.0063290970413424,0.006792964520091974
400,5.845049502416926,0.0032964340295501427,0.003772686850226401,6.051335475304115,0.006258630823952913,0.006787958339557556
401,5.843398612430151,0.0032964340295501427,0.003772686850226401,6.075178036233904,0.006206483987859989,0.006739054732213579
402,5.841627621503401,0.0032964340295501427,0.003772686850226401,6.052505258538459,0.0061719716237091495,0.006715225570031747
403,5.8416272474499,0.0032964340295501427,0.003772686850226401,6.057164020946434,0.006138972691333173,0.006688858541287156
404,5.834077554254897,0.0032964340295501427,0.003772686850226401,6.051180156664509,0.006108693525751755,0.006622307582636678
405,5.832543981428281,0.0032964340295501427,0.003772686850226401,6.071052370416782,0.006078328223002514,0.00660930474715564
406,5.831673178766115,0.0032964340295501427,0.003772686850226401,6.062779497376116,0.006067517500455827,0.006565603247508651
407,5.830648527329632,0.0032964340295501427,0.003772686850226401,6.070068523990135,0.006056789380502528,0.006557896906599802
408,5.828920387199433,0.0032964340295501427,0.003772686850226401,6.073497986333941,0.006060062549005394,0.006544795793332912
409,5.828866273584009,0.0032964340295501427,0.003772686850226401,6.060017367967781,0.006033163572191736,0.006522200359035255
410,5.826349177028086,0.0032964340295501427,0.003772686850226401,6.037282772611013,0.00602751450385891,0.006516114869529521
411,5.826349175182798,0.0032964340295501427,0.003772686850226401,6.057721144084532,0.006018973508706577,0.006508222230810167
412,5.825425336450613,0.0032964340295501427,0.003772686850226401,6.052087903576794,0.006012614931132543,0.006502625123359597
413,5.825425336450582,0.0032964340295501427,0.003772686850226401,6.030682434022915,0.006021187961338385,0.006496484723837292
414,5.821589812464882,0.0032964340295501427,0.003772686850226401,6.0394415989758725,0.006016021512711196,0.006491217717682021
415,5.821589771362784,0.0032964340295501427,0.003772686850226401,6.038294636183469,0.006004069930548282,0.006473529690676229
416,5.820010277986381,0.0032964340295501427,0.003772686850226401,6.046999498022076,0.005990551017042176,0.00646712869575935
417,5.818281922611018,0.0032964340295501427,0.003772686850226401,6.051558017076587,0.005990047315692362,0.00647516711317556
418,5.811559923684761,0.0032964340295501427,0.003772686850226401,6.031654331330019,0.0059848706915782745,0.006458546891257686
419,5.80856720256879,0.0032964340295501427,0.003772686850226401,6.048984964374199,0.0059914326632608365,0.006446638404775843
420,5.807409076647612,0.0032964340295501427,0.003772686850226401,6.0485329183328815,0.005992852547482414,0.006436839661051559
421,5.805454484593814,0.0032964340295501427,0.003772686850226401,6.044228225425985,0.005987490124373777,0.006436163414450718
422,5.801494643045304,0.0032964340295501427,0.003772686850226401,6.049076933492379,0.006004542076745488,0.006446775055872577
423,5.800876882885972,0.0032964340295501427,0.003772686850226401,6.020063533040787,0.005980490737884584,0.00645008726885532
424,5.799127234397945,0.0032964340295501427,0.003772686850226401,6.034549340872344,0.005969519737680842,0.00645165092311004
425,5.798128069925728,0.0032964340295501427,0.003772686850226401,6.025188080601549,0.005969521024154822,0.006429220845340625
426,5.797752414464867,0.0032964340295501427,0.003772686850226401,6.016147676292637,0.0059658264337268205,0.006434379407723445
427,5.79492580235259,0.0032964340295501427,0.003772686850226401,6.00966550415443,0.005959112105714101,0.006419677909384195
428,5.78804404280348,0.0032964340295501427,0.003772686850226401,6.011140739239686,0.005966637322877028,0.006419419798774351
429,5.78533311593215,0.0032964340295501427,0.003772686850226401,6.010837279940606,0.005990298785017579,0.0064179908705518365
430,5.785333097891009,0.0032964340295501427,0.003772686850226401,6.012270253256905,0.005987739226611988,0.006416855804338412
431,5.785333092066079,0.0032964340295501427,0.003772686850226401,6.011306919022408,0.005970513935925125,0.006398370669166282
432,5.784443214564346,0.0032964340295501427,0.003772686850226401,6.0206504215558265,0.005958967297177649,0.006399908566284834
433,5.780829126451108,0.0032964340295501427,0.003772686850226401,6.029671963408666,0.005956245947848176,0.006402918678354569
434,5.779381081682983,0.0032964340295501427,0.003772686850226401,6.022378533105864,0.005962074689357318,0.006402336420709921
435,5.778396025186614,0.0032964340295501427,0.003772686850226401,6.020330392330201,0.005960449275217462,0.006383926187277782
436,5.775398105723077,0.0032964340295501427,0.003772686850226401,6.01237721358286,0.005951829401027948,0.00638479511594741
437,5.772559599937568,0.0032964340295501427,0.003772686850226401,6.012934473835858,0.0059466283129281285,0.0063912802919024745
438,5.772380186646473,0.0032964340295501427,0.003772686850226401,6.0136569423953805,0.005950646046975935,0.0063927411157452775
439,5.766441213689718,0.0032964340295501427,0.003772686850226401,6.004030314597108,0.005936438299110969,0.006395646552933343
440,5.764245564991349,0.0032964340295501427,0.003772686850226401,6.0081302027302605,0.005926060918617895,0.006398094193090465
441,5.7593774476562,0.0032964340295501427,0.003772686850226401,6.008466482541097,0.0059340787709467055,0.006386401589794946
442,5.7577361062916275,0.0032964340295501427,0.003772686850226401,6.000934690274879,0.005927482418643354,0.006388768768848191
443,5.755900378815138,0.0032964340295501427,0.003772686850226401,5.997154849321329,0.005940074447961333,0.006399606653310792
444,5.754901668794324,0.0032964340295501427,0.003772686850226401,6.006896453217004,0.005928848029859876,0.006388955314429683
445,5.75090250951912,0.0032964340295501427,0.003772686850226401,5.992980570154707,0.005938853630363006,0.006375751775223946
446,5.749499998582295,0.0032964340295501427,0.003772686850226401,5.983567208466427,0.005938248943421471,0.006384199083732336
447,5.747678128473123,0.0032964340295501427,0.003772686850226401,5.982797451681734,0.005938835610254231,0.006363748494638813
448,5.747061179170296,0.0032964340295501427,0.003772686850226401,5.977609174826713,0.005930534804005395,0.006366420230173078
449,5.74622313855407,0.0032964340295501427,0.003772686850226401,5.986154536209847,0.005930088151852193,0.006372769937834839
450,5.7457651162397125,0.0032964340295501427,0.003772686850226401,5.989027605463078,0.005921002397225663,0.0063758753017554345
451,5.745424268752339,0.0032964340295501427,0.003772686850226401,5.989711953470535,0.005939840634011729,0.006376319756595035
452,5.74535048317825,0.0032964340295501427,0.003772686850226401,5.977605463617974,0.0059325269670251176,0.00636600310022079
453,5.7452840779137375,0.0032964340295501427,0.003772686850226401,5.998119990173564,0.005936850170941783,0.006367871161740042
454,5.74519828826046,0.0032964340295501427,0.003772686850226401,5.9876291016735514,0.005926834954416892,0.006394460341125848
455,5.7448165445271355,0.0032964340295501427,0.003772686850226401,5.983850636742472,0.005915633013498582,0.0063859554877077705
456,5.744801372410362,0.0032964340295501427,0.003772686850226401,5.98455338041139,0.005919772710091157,0.006371795822173157
457,5.744334407432259,0.0032964340295501427,0.003772686850226401,5.978559511931815,0.005910399994793273,0.006362273356972079
458,5.742274205830413,0.0032964340295501427,0.003772686850226401,5.965550023371629,0.005923518379171535,0.0063611948881124565
459,5.742273460485429,0.0032964340295501427,0.003772686850226401,5.952090300354846,0.005923844495444238,0.006359526630705044
460,5.740753954008301,0.0032964340295501427,0.003772686850226401,5.950902904109048,0.005912801022140326,0.006363151795468409
461,5.735646790692132,0.0032964340295501427,0.003772686850226401,5.952875470573121,0.005928373572812816,0.006361258229018788
462,5.735646393052752,0.0032964340295501427,0.003772686850226401,5.9720717238013385,0.005929241297809577,0.006372404625201877
463,5.735086418878345,0.0032964340295501427,0.003772686850226401,5.968047430792357,0.005920584490890618,0.006370693341249975
464,5.734507030401347,0.0032964340295501427,0.003772686850226401,5.965377654091392,0.005913822672114028,0.006358805476544191
465,5.734507030401346,0.0032964340295501427,0.003772686850226401,5.954978922691948,0.005919054888058884,0.0063597138210335765
466,5.734452984077027,0.0032964340295501427,0.003772686850226401,5.9562783397675325,0.005918821805698654,0.00637222905252659
467,5.733943251825617,0.0032964340295501427,0.003772686850226401,5.943654680791333,0.0059269478370626676,0.006355398038824457
468,5.731840369636505,0.0032964340295501427,0.003772686850226401,5.955266074077245,0.005914588324290469,0.00636547695800844
469,5.731840369095791,0.0032964340295501427,0.003772686850226401,5.9363353597958834,0.005910242800895238,0.006360436120655957
470,5.726689790505984,0.0032964340295501427,0.003772686850226401,5.942655085823529,0.005917061786866387,0.006356323948444741
471,5.726689790401829,0.0032964340295501427,0.003772686850226401,5.945330623628396,0.0059095824020476565,0.006356206956877374
472,5.726689572407684,0.0032964340295501427,0.003772686850226401,5.939173228954664,0.005906085375603787,0.006348959383790032
473,5.726655632414845,0.0032964340295501427,0.003772686850226401,5.938068595149826,0.005917960557863128,0.006347969071129366
474,5.726466835702009,0.0032964340295501427,0.003772686850226401,5.937918967107236,0.005905189353274608,0.00634138619960659
475,5.723883532042694,0.0032964340295501427,0.003772686850226401,5.936409485945436,0.005892837594169995,0.006332824170167965
476,5.723176047494498,0.0032964340295501427,0.003772686850226401,5.925384700874986,0.005900894316147944,0.0063408137130622575
477,5.721876233360782,0.0032964340295501427,0.003772686850226401,5.934200811911795,0.0059028859659821355,0.006342390110268558
478,5.720998049304082,0.0032964340295501427,0.003772686850226401,5.922241137476562,0.005914176388995563,0.006349415944102436
479,5.716145288733286,0.0032964340295501427,0.003772686850226401,5.910735896968279,0.005919427806826598,0.006341435922990344
480,5.716145285898387,0.0032964340295501427,0.003772686850226401,5.922640418539076,0.005926454093259764,0.0063568894296531266
481,5.715044712429046,0.0032964340295501427,0.003772686850226401,5.920864303332143,0.005913574457791146,0.006358408024280031
482,5.715039890395892,0.0032964340295501427,0.003772686850226401,5.9155054841204135,0.0059119607878559514,0.006360554061354617
483,5.711633561479519,0.0032964340295501427,0.003772686850226401,5.908152882483878,0.005913254847253944,0.006342339620968718
484,5.7093161802763905,0.0032964340295501427,0.003772686850226401,5.912971851324387,0.005922721083571397,0.006356214507385049
485,5.707492457240286,0.0032964340295501427,0.003772686850226401,5.924001115009828,0.005921209377782966,0.0063463290336938216
486,5.703361058353416,0.0032964340295501427,0.003772686850226401,5.909475002337631,0.0059089716055855425,0.00634526411313394
487,5.703361058349319,0.0032964340295501427,0.003772686850226401,5.90594366464377,0.005903725895591512,0.006334627500357718
488,5.6986339756148565,0.0032964340295501427,0.003772686850226401,5.906940403998201,0.005900417220188637,0.00634043503316942
489,5.6982249552967765,0.0032964340295501427,0.003772686850226401,5.890887312072338,0.005903981086724879,0.006344345696172532
490,5.696488446847153,0.0032964340295501427,0.003772686850226401,5.888007232022154,0.005899899168803855,0.006323462368292633
491,5.69100315317428,0.0032964340295501427,0.003772686850226401,5.8929130300936405,0.005892171136491196,0.006314282702715267
492,5.689200001330305,0.0032964340295501427,0.003772686850226401,5.873219753101477,0.005902418424254447,0.006321236075589141
493,5.687384265280759,0.0032964340295501427,0.003772686850226401,5.884658396494221,0.005892949609787404,0.0063282335403108715
494,5.687001501795947,0.0032964340295501427,0.003772686850226401,5.886884383578108,0.0058932537869609445,0.0063310393428333625
495,5.6861018604261435,0.0032964340295501427,0.003772686850226401,5.86974970582704,0.005902909792075868,0.0063260750545125945
496,5.684488452855977,0.0032964340295501427,0.003772686850226401,5.882282612636448,0.005893595156718264,0.006326256082296858
497,5.682999720303087,0.0032964340295501427,0.003772686850226401,5.863946426148062,0.00589784377920705,0.00634203947623984
498,5.682951087670189,0.0032964340295501427,0.003772686850226401,5.861643821270594,0.005895300629072921,0.006341720266330142
499,5.682173842259678,0.0032964340295501427,0.003772686850226401,5.8548283912014725,0.0058966083178244935,0.006328615281386797
